Barcode Number,id,Product name,Price,Description,Quantity ,First Name,Last Name,Phone number(Cust),Purchase Date,Last Stock Date,Brand
21695-084,1,Bell Pepper - Red,$321.65,"Reposition Left Lacrimal Bone, Percutaneous Endoscopic Approach",1,Bradford,Tomas,285-610-4158,5/29/2022,11/27/2019,Naproxen
0591-3757,2,Mackerel Whole Fresh,$256.16,"Excision of Chest Wall, Open Approach",2,Ronda,Bohje,248-458-7527,12/20/2019,5/15/2021,Amlodipine besylate and benazepril hydrochloride
52125-371,3,Squash - Sunburst,$2.36,"Alteration of Left Buttock, Open Approach",3,Reinaldos,Coslett,692-947-0991,1/28/2021,9/24/2018,Amlodipine Besylate
0591-0783,4,Wine - Ruffino Chianti Classico,$285.30,"Fragmentation in Left Kidney Pelvis, Percutaneous Approach",4,Jocelin,Eburne,861-157-3467,3/13/2022,11/28/2019,Diethylpropion HCl Immediate-Release
13668-080,5,"Doilies - 12, Paper",$351.18,Ear Protector Attentuation Assessment using Occupational Hearing Equipment,5,Colver,Patience,333-770-1398,3/30/2020,10/14/2020,Montelukast Sodium
52544-149,6,Butter - Salted,$29.38,"Extirpation of Matter from Left Metatarsal-Tarsal Joint, Percutaneous Endoscopic Approach",6,Augustina,Millgate,237-834-4691,9/2/2020,5/15/2021,Nulecit
68151-0079,7,Eggplant - Baby,$149.44,"Drainage of Mediastinum, Percutaneous Endoscopic Approach",7,Inger,Crisell,656-103-0408,3/31/2021,2/28/2019,Ticlopidine Hydrochloride
37000-353,8,Lighter - Bbq,$205.11,"Introduction of Monoclonal Antibody into Genitourinary Tract, Via Natural or Artificial Opening",8,Rosabella,Lavell,207-933-1490,3/5/2023,11/17/2018,Olay Total Effects CC Tone Correcting
36987-3236,9,Hand Towel,$239.23,"Repair Left Lower Lobe Bronchus, Percutaneous Approach",9,Donalt,McGiffin,327-424-2636,10/4/2021,7/23/2019,Lamb Quarters
0078-0522,10,Glaze - Apricot,$305.27,"Reposition Right Temporal Bone, Percutaneous Approach",10,Bard,Drayton,791-165-4552,8/24/2022,9/10/2020,Tekturna HCT
49999-693,11,Wine - Magnotta - Pinot Gris Sr,$42.69,"Dilation of Left Vertebral Artery with Four or More Drug-eluting Intraluminal Devices, Percutaneous Endoscopic Approach",11,Darrell,Duckerin,408-583-0122,5/3/2020,8/5/2018,Tramadol Hydrochloride and Acetaminophen
68084-381,12,Beef - Top Butt,$236.23,"Revision of Nonautologous Tissue Substitute in Left Breast, Via Natural or Artificial Opening Endoscopic",12,Charissa,Danigel,789-633-0314,4/1/2021,1/9/2023,Benztropine Mesylate
54569-1647,13,"Zucchini - Mini, Green",$189.80,"Bypass Right Subclavian Artery to Right Pulmonary Artery, Open Approach",13,Mignonne,Cullinane,743-524-4660,4/24/2022,4/28/2020,Lidocaine Hydrochloride and Epinephrine
54868-2264,14,Gingerale - Diet - Schweppes,$314.26,"Removal of Nonautologous Tissue Substitute from Cervicothoracic Vertebral Joint, Percutaneous Endoscopic Approach",14,Etienne,Dmitrievski,718-732-8891,7/20/2020,1/8/2019,Fluocinolone Acetonide
52685-302,15,Seabream Whole Farmed,$207.39,"Dilation of Left Vertebral Artery, Bifurcation, with Three Intraluminal Devices, Open Approach",15,Marleah,Andrews,182-963-9932,2/22/2019,3/26/2019,CLE DE PEAU BEAUTE
49349-955,16,Huck White Towels,$496.47,"Destruction of Perineum Bursa and Ligament, Open Approach",16,Nanette,Brooke,899-874-9658,4/17/2023,7/13/2022,Diclofenac Potassium
58118-5040,17,Buffalo - Striploin,$279.96,"Drainage of Left Glenoid Cavity, Percutaneous Endoscopic Approach",17,Ginevra,Izacenko,814-447-4758,7/8/2021,1/8/2021,NEXIUM
59316-104,18,"Tuna - Canned, Flaked, Light",$456.21,"Reposition Left Sphenoid Bone with Internal Fixation Device, Percutaneous Endoscopic Approach",18,Merrick,Mattielli,736-108-4288,4/18/2022,6/9/2021,Biofreeze
36987-1021,19,Snapple Lemon Tea,$13.24,"Drainage of Right Upper Extremity Lymphatic, Open Approach, Diagnostic",19,Artur,Patridge,695-773-4822,7/4/2022,4/1/2023,Chicken Feathers
49288-0369,20,Shrimp - Black Tiger 16/20,$46.46,"Dilation of Right Fallopian Tube, Open Approach",20,Baird,Clemetts,451-926-2101,4/24/2019,11/2/2020,Pullularia
11716-9637,21,Mushroom - Crimini,$440.49,"Removal of Infusion Device from Ureter, Open Approach",21,Basilius,Bootell,242-382-8030,11/25/2022,9/1/2019,LEADER DRY EYE RELIEF
51346-121,22,"Wine - Red, Black Opal Shiraz",$482.51,"Dilation of Face Artery, Bifurcation, with Intraluminal Device, Percutaneous Endoscopic Approach",22,Portia,Garlinge,769-363-3884,7/10/2022,1/13/2022,THE BAMBOO OF DAMYANG MOISTURE TONER
24794-221,23,Bread - Assorted Rolls,$323.62,Fluoroscopy of Left Heart using High Osmolar Contrast,23,Steffen,Batham,793-472-5851,7/9/2022,6/27/2019,Gumnumb Topical Anesthetic
54575-224,24,Butter - Pod,$483.32,"Occlusion of Splenic Artery with Intraluminal Device, Open Approach",24,Saundra,Kruger,632-183-3163,7/6/2021,3/21/2022,TRICHOPHYTON MENTAGROPHYTES
55111-352,25,Salt - Kosher,$498.20,"Drainage of Left Ankle Joint, Percutaneous Endoscopic Approach, Diagnostic",25,Rutledge,Pomphrett,416-791-2795,9/1/2019,1/19/2020,Rivastigmine Tartrate
48951-1126,26,"Pesto - Primerba, Paste",$213.50,"Introduction of Nonautologous Fertilized Ovum into Female Reproductive, Percutaneous Approach",26,Arleyne,Marshal,559-256-0124,1/27/2021,11/12/2021,Arnica e pl. tota 3
0095-0108,27,Chocolate - Semi Sweet,$35.19,"Repair Stomach, Via Natural or Artificial Opening Endoscopic",27,Alfi,Everley,706-782-5208,2/4/2020,9/18/2018,TussiCaps
0944-4351,28,Ketchup - Tomato,$68.65,"Release Right Humeral Head, Open Approach",28,Dick,Rayner,724-713-6692,3/4/2021,8/27/2020,ARTISS
76335-001,29,"Beef - Baby, Liver",$332.77,Change Intermittent Pressure Device on Right Lower Extremity,29,Jere,Windsor,744-571-5156,7/15/2019,5/30/2020,Energy Enhancer
36800-540,30,"Pail - 4l White, With Handle",$284.88,"Drainage of Left Hand Tendon with Drainage Device, Percutaneous Endoscopic Approach",30,Jerrome,Tubble,350-590-1115,9/9/2021,8/20/2022,TopCare Daytime Severe Cold and Cough
47682-307,31,Steel Wool,$262.25,"Revision of Drainage Device in Scrotum and Tunica Vaginalis, Open Approach",31,Diane-marie,Kenworth,319-373-1289,6/15/2019,8/18/2021,Dover Coldonyl
55111-534,32,Chicken - Tenderloin,$379.97,"Fragmentation in Anus, Percutaneous Approach",32,Tanya,Adlington,385-796-8655,7/9/2020,3/25/2023,Divalproex Sodium
10565-001,33,Mackerel Whole Fresh,$320.10,"Dilation of Right Hand Artery with Drug-eluting Intraluminal Device, Percutaneous Approach",33,Winna,McRinn,122-878-4146,11/26/2019,4/22/2022,Hydrogen Peroxide
15127-010,34,Edible Flower - Mixed,$198.10,"Beam Radiation of Radius/Ulna using Heavy Particles (Protons,Ions)",34,Carri,O'Shesnan,317-753-3842,6/13/2019,3/20/2023,Womens Gentle Laxative
51645-826,35,"Bread - Multigrain, Loaf",$138.33,Computerized Tomography (CT Scan) of Left Lower Leg using High Osmolar Contrast,35,Kaile,Simonian,785-386-5293,12/1/2022,6/22/2022,TELDRIN
55111-343,36,Baking Powder,$429.42,"Removal of Autologous Tissue Substitute from Left Finger Phalanx, Open Approach",36,Jesselyn,Baudouin,146-879-7460,3/22/2022,12/10/2022,Citalopram Hydrobromide
52959-282,37,Tart - Lemon,$146.51,"Reattachment of Ascending Colon, Percutaneous Endoscopic Approach",37,Kristy,Luchetti,706-820-0305,12/5/2020,3/28/2023,Phendimetrazine Tartrate
59779-142,38,Easy Off Oven Cleaner,$106.97,"Dilation of Left Temporal Artery, Bifurcation, with Four or More Intraluminal Devices, Percutaneous Approach",38,Grady,Peasee,145-346-4711,10/23/2018,9/6/2021,CVS Simple Care Protective Rash
52726-4083,39,"Wine - White, Lindemans Bin 95",$72.79,"Extirpation of Matter from Right Lower Extremity Lymphatic, Percutaneous Approach",39,Nanete,Look,798-141-9461,6/29/2022,6/15/2020,Oxygen
11523-0602,40,"Pasta - Linguini, Dry",$411.52,"Drainage of Right Ankle Bursa and Ligament, Open Approach",40,Nelli,Pyzer,863-839-0245,11/21/2022,1/22/2019,Coppertone Sport High Performance
59762-5024,41,Capers - Ox Eye Daisy,$385.25,"Release Vagus Nerve, Open Approach",41,Daisi,Kynd,692-741-0253,10/10/2022,5/4/2021,GABAPENTIN
0904-6073,42,Bagel - Plain,$135.89,"Insertion of Interspinous Process Spinal Stabilization Device into Thoracic Vertebral Joint, Open Approach",42,Ardine,Sleightholme,243-355-0148,1/21/2019,1/10/2020,Divalproex Sodium
0904-6284,43,Pickle - Dill,$453.46,"Extirpation of Matter from Right Patella, Open Approach",43,Hill,Whimpenny,572-734-8069,9/11/2022,1/25/2022,Olanzapine
53808-0713,44,Flour - Masa De Harina Mexican,$53.84,"Supplement Right Temporal Artery with Nonautologous Tissue Substitute, Percutaneous Endoscopic Approach",44,Hedi,Rodden,665-624-5686,11/10/2018,6/12/2020,METFORMIN HYDROCHLORIDE
63654-600,45,Grouper - Fresh,$408.44,"Drainage of Bilateral Fallopian Tubes with Drainage Device, Via Natural or Artificial Opening Endoscopic",45,Fran,Sales,576-247-0499,2/16/2020,8/21/2019,Cold Medicine
64942-1295,46,Ezy Change Mophandle,$142.34,"Drainage of Glossopharyngeal Nerve, Open Approach, Diagnostic",46,Dougy,Oylett,954-577-4408,10/3/2021,8/4/2020,Degree
55910-489,47,Pails With Lids,$176.82,Plain Radiography of Intracranial Sinuses using Low Osmolar Contrast,47,Corry,Lennard,258-207-5458,12/4/2021,12/18/2019,DG health calcium antacid
57520-0519,48,Salad Dressing,$391.93,"Repair Left Fallopian Tube, Percutaneous Endoscopic Approach",48,Patty,Rowling,984-280-7906,8/9/2018,4/9/2020,Grain and Seed Antigen
0378-2023,49,Tomatoes,$21.04,"Removal of Autologous Tissue Substitute from Thoracic Duct, Open Approach",49,Blayne,Fairburne,732-677-2916,8/16/2022,12/24/2019,Irbesartan
35356-533,50,Beer - Fruli,$115.48,"Resection of Esophagogastric Junction, Via Natural or Artificial Opening Endoscopic",50,Hynda,Bennetts,848-783-3918,2/1/2022,8/19/2022,Levetiracetam
42719-345,51,Wine - Malbec Trapiche Reserve,$486.27,"Destruction of Right Hand Artery, Percutaneous Endoscopic Approach",51,Jerrylee,Cossey,621-266-5513,10/30/2021,7/29/2022,Stay Clean Foam Hand Sanitizer
76237-107,52,Wild Boar - Tenderloin,$325.89,"Fusion of 2 or more Cervical Vertebral Joints, Anterior Approach, Anterior Column, Open Approach",52,Marney,Angus,493-571-7281,4/20/2021,2/25/2019,Alprazolam
57955-5984,53,Pastry - Butterscotch Baked,$333.67,Stereotactic Gamma Beam Radiosurgery of Ovary,53,Reggie,Joiris,953-785-9278,1/8/2023,8/16/2022,Advanced Arnica
63629-1623,54,Wine - Bouchard La Vignee Pinot,$468.05,"Revision of Internal Fixation Device in Thoracic Vertebral Joint, Percutaneous Approach",54,Matthus,Masselin,589-287-5630,12/28/2021,3/27/2022,Methocarbamol
68436-110,55,Raspberries - Fresh,$416.61,"Fusion of Right Sacroiliac Joint with Nonautologous Tissue Substitute, Percutaneous Approach",55,Noemi,Metzke,494-897-2358,8/29/2021,3/5/2021,Oticin HC
30142-100,56,Asparagus - Mexican,$359.56,"Drainage of Scalp Skin, External Approach, Diagnostic",56,Pip,Howard,328-201-4202,10/31/2019,9/4/2018,acetaminophen
36987-1890,57,Pepper - Chilli Seeds Mild,$349.20,"Supplement Right Lesser Saphenous Vein with Autologous Tissue Substitute, Percutaneous Approach",57,Brocky,Schreurs,907-339-7605,2/27/2020,10/18/2022,Aspergillus niger
63981-110,58,Wine - Merlot Vina Carmen,$334.88,"Supplement Right Middle Ear with Synthetic Substitute, Open Approach",58,Gregoor,Esh,722-348-5659,9/4/2019,7/25/2021,Stool Softener
0179-0115,59,Muffin Mix - Chocolate Chip,$111.58,"Bypass Ascending Colon to Transverse Colon with Autologous Tissue Substitute, Via Natural or Artificial Opening Endoscopic",59,Alex,Melledy,683-188-9420,1/8/2019,4/18/2021,IBU
13537-048,60,Soup Campbells - Tomato Bisque,$77.92,"Destruction of Tricuspid Valve, Percutaneous Endoscopic Approach",60,Joycelin,Bathersby,872-561-2654,1/26/2022,12/3/2019,ESIKA
64942-1269,61,Lettuce - Red Leaf,$216.06,Computerized Tomography (CT Scan) of Right Ankle,61,Clarey,Bartomeu,830-291-6525,9/16/2018,7/26/2019,Clear
60505-2742,62,Bacardi Breezer - Tropical,$55.51,High Dose Rate (HDR) Brachytherapy of Trachea using Other Isotope,62,Eduard,Cockshoot,637-329-0084,3/26/2020,11/10/2022,Verapamil
0113-0430,63,Soup - Base Broth Chix,$326.30,"Drainage of Left Inferior Parathyroid Gland, Open Approach",63,Miof mela,Fyfe,857-100-5353,9/16/2021,4/11/2022,Good Sense headache formula
41163-289,64,"Artichoke - Bottom, Canned",$388.35,"Dilation of Right Subclavian Artery, Bifurcation, with Drug-eluting Intraluminal Device, Open Approach",64,Torrin,Seys,537-805-6679,4/29/2020,8/25/2019,Equaline pain relief
57520-0084,65,Squid - Tubes / Tenticles 10/20,$434.69,"Supplement Left Extraocular Muscle with Synthetic Substitute, Open Approach",65,Rocky,Halbord,689-898-9671,8/18/2019,2/23/2023,Diathesis
67296-0580,66,"Soup - Knorr, Veg / Beef",$423.09,"Removal of Autologous Tissue Substitute from Larynx, Via Natural or Artificial Opening Endoscopic",66,Claudell,Fegan,623-468-4962,7/26/2020,7/7/2021,Ciprofloxacin
0078-0439,67,Bacardi Limon,$475.88,"Release Right Large Intestine, Percutaneous Endoscopic Approach",67,Seana,Wilbor,751-852-5557,12/2/2018,6/6/2020,Ritalin
55154-2091,68,Cherries - Frozen,$86.31,Contact Radiation of Salivary Glands,68,Creighton,Brighty,748-991-4406,9/18/2022,7/31/2020,AMLODIPINE BESYLATE
49035-088,69,Juice - Apple 284ml,$491.49,"Drainage of Right Tunica Vaginalis with Drainage Device, Percutaneous Approach",69,Vi,Kowal,972-846-0464,2/9/2019,2/5/2022,Childrens Allergy Relief
0682-0475,70,Cookie Dough - Chunky,$231.37,"Removal of Drainage Device from Mouth and Throat, Percutaneous Approach",70,Erina,Eppson,887-113-2554,10/2/2019,4/24/2022,MAR-COF CG
0093-0309,71,Chinese Foods - Cantonese,$398.26,"Removal of Other Device from Lower Jaw, Percutaneous Endoscopic Approach",71,Winni,Lydall,203-673-7908,4/28/2020,7/21/2022,Clemastine Fumarate
0409-3378,72,Ham - Procutinni,$282.19,"Release Right Knee Bursa and Ligament, Open Approach",72,Davita,Hinstridge,892-785-1791,10/5/2022,9/20/2020,Piperacillin and Tazobactam
0615-6561,73,Bread - Focaccia Quarter,$471.35,"Release Bilateral Carotid Bodies, Percutaneous Endoscopic Approach",73,Liam,Lorroway,616-595-0108,3/31/2022,12/18/2018,BuPROPion Hydrochloride
59011-261,74,V8 - Berry Blend,$319.33,"Destruction of Lumbar Spinal Cord, Percutaneous Endoscopic Approach",74,Emmie,Airs,853-959-3232,11/15/2022,2/17/2020,MS Contin
43251-3323,75,"Gingerale - Schweppes, 355 Ml",$281.36,"Drainage of Amniotic Fluid, Diagnostic from Products of Conception, Via Natural or Artificial Opening",75,Adolpho,Wadly,762-509-9274,4/25/2020,7/29/2022,natralia
10849-003,76,Anchovy Paste - 56 G Tube,$406.76,"Resection of Epiglottis, Via Natural or Artificial Opening",76,Eartha,Trever,642-270-8294,10/10/2020,2/4/2021,Acne Off Acne Treatment
43547-338,77,Tuna - Yellowfin,$311.36,"Dilation of Right Thyroid Artery with Four or More Intraluminal Devices, Open Approach",77,Tine,Linklater,170-169-0556,10/29/2022,12/27/2019,Benazepril Hydrochloride
0409-3380,78,Sole - Fillet,$265.88,"Drainage of Right Shoulder Joint, Open Approach, Diagnostic",78,Olvan,Gibbonson,346-339-7019,11/14/2022,11/4/2019,Sufentanil Citrate
63874-101,79,Sage - Fresh,$160.40,"Extirpation of Matter from Right Palatine Bone, Percutaneous Approach",79,Henriette,Widmore,946-205-5107,10/4/2019,9/6/2019,Amoxicillin
65588-2210,80,Sorrel - Fresh,$99.19,"Occlusion of Right Internal Mammary Artery with Intraluminal Device, Open Approach",80,Cosetta,Cunnah,170-559-1388,9/1/2019,3/18/2022,Maximum-H
0832-1082,81,Bay Leaf,$171.53,"Revision of Nonautologous Tissue Substitute in Right Glenoid Cavity, Percutaneous Endoscopic Approach",81,Ray,Cammell,313-102-7357,7/24/2020,10/23/2021,Benztropine Mesylate
11084-061,82,Pepper - Red Bell,$406.43,"Replacement of Pharynx with Synthetic Substitute, Via Natural or Artificial Opening Endoscopic",82,Clerissa,Baugh,862-857-3008,9/30/2020,8/2/2021,DebMed Antimicrobial Body Wash and Shampoo
57910-403,83,"Red Snapper - Fillet, Skin On",$321.19,"Removal of Nonautologous Tissue Substitute from Lower Jaw, Percutaneous Approach",83,Marvin,Claxson,840-977-3941,1/7/2022,10/31/2018,Ibuprofen
61995-2392,84,Pineapple - Golden,$316.18,"Drainage of Right Femoral Region with Drainage Device, Percutaneous Endoscopic Approach",84,Far,Fellon,592-955-4944,7/22/2022,8/21/2022,Alba Sunblock Mineral Aloe Vanilla SPF 30
0378-5144,85,Mcgillicuddy Vanilla Schnap,$191.43,"Bypass Right Internal Iliac Artery to Bilateral Femoral Arteries with Nonautologous Tissue Substitute, Open Approach",85,Foss,Crookshanks,966-400-0023,8/14/2020,6/18/2022,Donepezil Hydrochloride
54868-5387,86,Pie Shell - 5,$458.93,"Dilation of Left Colic Artery with Four or More Drug-eluting Intraluminal Devices, Percutaneous Approach",86,Morie,Tolson,185-481-1593,5/4/2022,4/9/2023,"Dextroamphetamine saccharate, amphetamine aspartate monohydrate, dextroamphetamine sulfate and amphetamine sulfate"
0115-0522,87,"Beef - Tongue, Fresh",$8.91,"Drainage of Right Lower Extremity Lymphatic, Open Approach",87,Janice,Skillington,457-522-6862,8/13/2018,7/14/2019,Fenofibrate
50523-488,88,Beer - Heinekin,$165.89,"Revision of Autologous Tissue Substitute in Lower Bursa and Ligament, Percutaneous Approach",88,Alis,Robbins,427-277-1930,7/30/2022,6/25/2021,Silky Smooth Anti-Perspirant Deodorant
49349-525,89,"Lettuce - Mini Greens, Whole",$487.52,"Release Perineum Muscle, Open Approach",89,Wright,Sussex,298-116-4711,1/8/2022,1/21/2021,Imipramine Hydrochloride
0002-3233,90,Carbonated Water - Lemon Lime,$499.31,"Occlusion of Left Foot Vein, Percutaneous Approach",90,Norris,Chopping,443-976-4752,5/5/2021,5/31/2021,Symbyax
49288-0648,91,Lamb Rack - Ontario,$12.39,"Excision of Oculomotor Nerve, Percutaneous Approach, Diagnostic",91,Deeann,Brackley,865-713-2022,1/3/2021,4/19/2021,Penicillium camembertii
0573-1905,92,Cleaner - Lime Away,$119.99,"Drainage of Right Axillary Lymphatic, Open Approach",92,Mateo,Bausor,253-974-8791,12/28/2020,10/1/2020,CHAPSTICK CLASSICS CHERRY
50484-303,93,"Lamb - Pieces, Diced",$466.06,"Dilation of Right Popliteal Artery with Four or More Intraluminal Devices, Open Approach",93,Henderson,Daffey,361-660-2634,11/12/2019,9/19/2020,Secura Total Body Foam Cleanser
66116-603,94,Sea Urchin,$202.24,Computerized Tomography (CT Scan) of Right Shoulder,94,Nomi,Flipsen,165-289-5594,8/4/2022,1/23/2023,Prednisolone
31722-522,95,Wine - Acient Coast Caberne,$98.22,"Removal of Infusion Device from Left Tarsal Joint, Open Approach",95,Danny,Moth,643-453-5648,5/6/2022,12/3/2020,Hydralazine Hydrochloride
66116-527,96,"Capon - Breast, Double, Wing On",$450.20,"Bypass Bilateral Ureters to Ileocutaneous with Autologous Tissue Substitute, Percutaneous Endoscopic Approach",96,Rina,Whyley,885-735-4721,3/25/2020,10/25/2022,Cyclobenzaprine Hydrochloride
47593-173,97,Island Oasis - Pina Colada,$255.92,Computerized Tomography (CT Scan) of Left Kidney using Low Osmolar Contrast,97,Timothy,Teggart,716-293-6177,9/10/2021,9/6/2021,Alphadine Scrub Foam
65862-103,98,"Vermouth - Sweet, Cinzano",$427.22,"Dilation of Left Posterior Tibial Artery with Two Intraluminal Devices, Percutaneous Approach",98,Pooh,Belson,108-846-9528,1/14/2022,10/23/2019,Amlodipine Besylate
60675-002,99,Wine - Manischewitz Concord,$123.94,Fluoroscopy of Bladder and Urethra using Low Osmolar Contrast,99,Mirna,Kalewe,239-766-4169,12/7/2019,3/28/2022,I LOVE NY Hand Sanitizer Vanilla Scent
64942-1323,100,Dikon,$257.88,"Excision of Right Ureter, Open Approach",100,Fionna,Hartnell,570-844-4283,3/10/2021,5/21/2020,Degree
43419-305,101,Milk - Homo,$403.36,"Insertion of Intraluminal Device into Left Popliteal Artery, Open Approach",101,Orelle,Kunzelmann,502-422-8260,10/30/2022,11/6/2019,IOPE RETIGEN MOISTURE BASE NATURAL GREEN
59115-139,102,"Juice - Apple, 1.36l",$214.73,"Restriction of Right Peroneal Artery with Intraluminal Device, Percutaneous Approach",102,Felix,Crighton,910-723-0217,12/23/2019,3/27/2022,Prednisone
67938-2029,103,Cardamon Ground,$371.21,"Excision of Scrotum, Percutaneous Approach, Diagnostic",103,Jessica,Vasilchenko,921-979-1805,4/29/2022,8/14/2022,FLAWLESS FINISH PERFECTLY NUDE MAKEUP BROAD SPECTRUM SUNSCREEN SPF 15 SHADE SPICE
49349-339,104,Corn Shoots,$449.49,"Release Right Parietal Bone, Percutaneous Approach",104,Johnathan,Gilliland,795-447-3083,1/13/2021,11/16/2021,Furosemide
0093-5348,105,Bread - Ciabatta Buns,$88.20,"Insertion of Internal Fixation Device into Right Sacroiliac Joint, Open Approach",105,Lulu,Whordley,170-129-0335,5/3/2020,10/5/2019,Methylphenidate Hydrochloride
67979-002,106,Bread Fig And Almond,$279.07,"Reposition Left Tibia, Percutaneous Endoscopic Approach",106,Bellina,Stadding,864-809-1011,11/22/2019,9/14/2018,SUPPRELIN
42291-511,107,Tuna - Bluefin,$161.28,"Excision of Left Lacrimal Duct, Open Approach, Diagnostic",107,Gibby,Sang,700-395-8061,8/23/2022,12/14/2019,Primidone
11819-365,108,Basil - Fresh,$225.78,"Reposition Left Lower Femur with Monoplanar External Fixation Device, Percutaneous Approach",108,Edouard,Beadman,798-924-8021,5/2/2021,11/15/2022,Ondansetron
0904-6082,109,Oil - Hazelnut,$201.95,"Occlusion of Right External Jugular Vein, Percutaneous Approach",109,Thayne,Deppe,573-785-6550,12/28/2018,2/12/2019,Zolpidem tartrate
41163-580,110,"Nut - Hazelnut, Whole",$383.95,"Excision of Left Vocal Cord, Via Natural or Artificial Opening",110,Olivia,Bestwick,221-889-6432,7/5/2020,12/18/2022,Equaline Daytime Nighttime Cold and Flu Relief
44118-809,111,Basil - Fresh,$405.43,"Revision of Drainage Device in Adrenal Gland, Percutaneous Endoscopic Approach",111,Jeremiah,MacAirt,516-793-4599,10/10/2019,8/10/2021,Duet DHA
52233-005,112,Gelatine Leaves - Envelopes,$204.70,"Bypass Right Popliteal Artery to Lower Extremity Vein with Synthetic Substitute, Open Approach",112,Sherlock,Hellicar,748-988-8034,10/23/2019,11/6/2022,medical air
43857-0042,113,Cake - Cake Sheet Macaroon,$160.55,Computerized Tomography (CT Scan) of Left Clavicle using High Osmolar Contrast,113,Coreen,Insull,789-874-9278,8/11/2021,4/4/2020,Sinuchron HP
0135-0460,114,Container - Foam Dixie 12 Oz,$460.07,"Fragmentation in Left Lower Lobe Bronchus, Open Approach",114,Penelope,Perceval,512-976-4315,10/7/2019,1/30/2023,SENSODYNE
33342-027,115,Container Clear 8 Oz,$195.60,"Insertion of Vascular Access Device into Left Lower Leg Subcutaneous Tissue and Fascia, Open Approach",115,Pooh,Caunt,870-840-1477,7/10/2021,7/7/2021,Donepezil Hydrochloride
59899-003,116,Kippers - Smoked,$105.03,"Excision of Cervicothoracic Vertebral Joint, Percutaneous Approach, Diagnostic",116,Minerva,Jennrich,524-302-0296,9/26/2021,3/15/2021,Antiperspirant
76478-289,117,Foil Cont Round,$181.95,"Bypass Left Pleural Cavity to Lower Vein with Synthetic Substitute, Open Approach",117,Abraham,World,339-101-3635,9/24/2022,12/3/2019,EMLA
51672-1258,118,"Wine - White, Ej Gallo",$2.82,Planar Nuclear Medicine Imaging of Left Upper Extremity Veins using Other Radionuclide,118,Blake,Smith,205-732-1261,9/1/2022,3/18/2020,Clobetasol Propionate
36987-3129,119,"Cheese - Cheddar, Old White",$203.88,"Supplement Right Neck Lymphatic with Autologous Tissue Substitute, Percutaneous Endoscopic Approach",119,Leona,Gerardeaux,970-705-6289,2/22/2021,10/6/2018,Dandelion
0268-0072,120,Sausage - Andouille,$249.26,Ultrasonography of Bilateral Kidneys,120,Aurea,Lochhead,173-858-1546,3/23/2022,3/11/2021,CENTER-AL - ULMUS PUMILA POLLEN
0548-5604,121,Maple Syrup,$372.45,"Change Other Device in Nose, External Approach",121,Charlie,Gerhts,187-294-2533,5/5/2019,10/6/2018,Enoxaparin Sodium
0135-0091,122,"Wine - Red, Cabernet Sauvignon",$27.27,"Excision of Right Shoulder Region, Open Approach",122,Alanah,Hickeringill,479-121-6061,12/15/2018,2/22/2020,DEBROX
53603-3002,123,Tuna - Bluefin,$60.64,"Revision of Infusion Device in Endocrine Gland, Percutaneous Approach",123,Ryann,Knell,630-316-5344,6/30/2020,4/22/2021,ANTIBACTERIAL WIPES Lemon Drop
57896-761,124,"Bread - Crumbs, Bulk",$431.04,"Bypass Portal Vein to Lower Vein with Synthetic Substitute, Percutaneous Endoscopic Approach",124,Mayer,Vasilechko,704-524-5945,2/10/2020,9/12/2018,Lansoprazole
52544-082,125,Nantucket - Orange Mango Cktl,$223.18,"Replacement of Scalp Subcutaneous Tissue and Fascia with Autologous Tissue Substitute, Percutaneous Approach",125,Thacher,Linggood,555-677-4828,10/7/2022,3/31/2019,Fioricet with Codeine
54569-0918,126,Muffin - Mix - Mango Sour Cherry,$112.50,"Supplement Cervical Vertebral Joint with Synthetic Substitute, Open Approach",126,Nancey,Hissett,274-447-4533,8/20/2018,2/9/2020,Armour Thyroid
0378-1430,127,Oil - Cooking Spray,$402.28,"Removal of Tracheostomy Device from Trachea, Percutaneous Endoscopic Approach",127,Ilsa,Bohlsen,460-776-6122,2/10/2023,8/29/2018,Nicardipine Hydrochloride
0603-0213,128,"Nut - Pistachio, Shelled",$194.83,"Occlusion of Bladder Neck with Intraluminal Device, Via Natural or Artificial Opening",128,Othello,Espinoza,999-501-0670,6/27/2019,2/22/2023,Magnesium Oxide
67296-0369,129,Pork - Hock And Feet Attached,$49.06,"Occlusion of Right Brachial Artery with Intraluminal Device, Percutaneous Endoscopic Approach",129,Myca,Lambin,185-617-5140,3/9/2023,12/19/2020,Ketoprofen
41250-450,130,Parsley Italian - Fresh,$358.93,"Resection of Vagina, Via Natural or Artificial Opening",130,Karalee,Haucke,709-118-2909,11/26/2019,1/19/2021,junior strength acetaminophen
58128-0001,131,Cleaner - Pine Sol,$66.55,"Insertion of Infusion Device into Right Popliteal Artery, Percutaneous Endoscopic Approach",131,Gay,Kett,173-464-1704,3/28/2021,3/30/2023,Oxygen
36987-2645,132,"Mushroom - Chantrelle, Fresh",$27.73,"Destruction of Buttock Skin, Multiple, External Approach",132,Verney,Farrance,866-175-7479,5/11/2020,6/26/2020,Chinese Elm
69114-2001,133,Chutney Sauce,$4.21,"Drainage of Appendix, Percutaneous Approach",133,Rebecka,Beavington,916-803-2109,1/31/2021,11/30/2021,Narasoo Hair Tonic
44224-1999,134,Pepper - Orange,$483.74,"Occlusion of Right Lesser Saphenous Vein, Percutaneous Endoscopic Approach",134,Ceciley,Beaufoy,688-599-9111,1/9/2020,6/22/2022,Easy Care First Aid - All Purpose
68084-424,135,Beef - Striploin Aa,$327.25,"Irrigation of Genitourinary Tract using Irrigating Substance, Via Natural or Artificial Opening Endoscopic, Diagnostic",135,Rahal,Ivakin,685-157-6883,11/29/2021,3/21/2021,Oxandrolone
58118-0322,136,Cheese - Fontina,$359.53,"Release Cerebral Meninges, Percutaneous Approach",136,Jacquelin,Grandham,623-350-4609,8/24/2022,7/12/2020,Glimepiride
59779-303,137,"Soup - Campbells, Cream Of",$367.92,"Supplement Right Femoral Region with Nonautologous Tissue Substitute, Open Approach",137,Layla,Rzehorz,496-508-6413,5/4/2021,6/20/2022,Sodium Chloride
49348-813,138,Table Cloth - 53x69 Colour,$14.90,"Insertion of Infusion Device into Middle Colic Artery, Percutaneous Endoscopic Approach",138,Flem,Nye,633-677-9794,10/17/2019,1/25/2023,Cold Sore Treatment
36800-578,139,Island Oasis - Pina Colada,$40.59,"Transfer Optic Nerve to Vagus Nerve, Open Approach",139,Xymenes,Bridat,673-120-8376,10/10/2018,1/7/2019,Topcare tussin dm
60429-785,140,Wonton Wrappers,$201.33,"Replacement of Right Palatine Bone with Nonautologous Tissue Substitute, Open Approach",140,Wye,Rosson,440-541-6775,6/20/2020,3/14/2020,Warfarin Sodium
57896-638,141,Garlic - Elephant,$304.43,"Occlusion of Left Internal Jugular Vein with Extraluminal Device, Percutaneous Approach",141,Rod,Rivel,600-925-6439,9/15/2020,8/9/2018,GERI-MOX MAX CHERRY
24236-577,142,Skewers - Bamboo,$41.22,"Destruction of Head and Neck Bursa and Ligament, Percutaneous Endoscopic Approach",142,Glendon,Tyson,878-363-1041,5/31/2019,8/3/2018,Sulfamethoxazole and Trimethoprim
59746-330,143,Honey - Comb,$490.17,"Revision of Nonautologous Tissue Substitute in Tricuspid Valve, Percutaneous Endoscopic Approach",143,Priscilla,Darke,916-545-9185,2/5/2021,6/24/2019,DONEPEZIL HYDROCHLORIDE
16590-959,144,Bread - Flat Bread,$368.15,"Excision of Bilateral Spermatic Cords, Open Approach, Diagnostic",144,Basilio,Palek,631-312-3040,1/25/2020,11/23/2022,DETROL
16252-572,145,"Cheese - Brie, Cups 125g",$65.46,"Fluoroscopy of Bilateral Upper Extremity Arteries using Other Contrast, Laser Intraoperative",145,Henrietta,Cheesley,516-279-4550,8/20/2020,11/15/2019,Ramipril
61722-066,146,Frangelico,$247.15,"Bypass Right Brachial Vein to Upper Vein with Autologous Arterial Tissue, Percutaneous Endoscopic Approach",146,Bidget,Loughman,549-343-0710,8/20/2022,8/21/2019,flormar Foundation Sunscreen Broad Spectrum SPF 20 LF19 BEIGE
30698-201,147,Bread - Raisin,$47.60,"Release Left Common Iliac Artery, Percutaneous Endoscopic Approach",147,Madelin,Bilbrook,887-535-9018,3/6/2021,10/14/2020,Parlodel
24385-432,148,Coffee - 10oz Cup 92961,$172.46,"Bypass Right Common Iliac Artery to Right External Iliac Artery with Autologous Venous Tissue, Open Approach",148,Rozina,Maisey,816-426-3306,12/28/2020,11/5/2021,Good Neighbor Pharmacy Nasal Decongestant
63739-110,149,Cheese - Ermite Bleu,$454.59,"Occlusion of Right Main Bronchus with Intraluminal Device, Via Natural or Artificial Opening Endoscopic",149,Letta,Rainford,181-298-5240,11/25/2020,12/17/2019,Folic Acid
42291-220,150,"Beef - Tongue, Cooked",$32.96,"Insertion of Infusion Device into Right Knee Joint, Percutaneous Approach",150,Jayme,O'Currane,249-254-4348,7/24/2022,5/13/2022,Cetirizine Hydrochloride
36987-2156,151,Onion - Dried,$223.18,"Insertion of Radioactive Element into Left Lower Arm, Percutaneous Approach",151,Sig,Kiddell,696-431-8850,3/8/2021,10/4/2018,Oat Smut
51367-017,152,Olives - Kalamata,$63.41,"Replacement of Left Pelvic Bone with Synthetic Substitute, Open Approach",152,Lemmie,Moxted,769-915-5697,5/31/2021,9/8/2019,Pain Relieving Chi Len Oil
55648-557,153,Sage Ground Wiberg,$78.43,"Repair Right Sublingual Gland, Percutaneous Approach",153,Margaret,Stopher,708-595-4474,12/21/2018,12/7/2020,RISPERIDONE
49288-0170,154,Sprouts - Baby Pea Tendrils,$480.53,"Excision of Male Perineum, Open Approach, Diagnostic",154,Dorri,Stedell,355-436-7193,5/9/2019,4/3/2019,Yellow Dock
54982-0001,155,Muffin Mix - Raisin Bran,$170.59,"Release Left Parietal Bone, Percutaneous Approach",155,Maible,Neilands,406-666-3738,10/10/2020,1/3/2020,Oxygen
43857-0045,156,Mushroom - Crimini,$492.97,"Drainage of Right Renal Vein with Drainage Device, Open Approach",156,Milena,Trevethan,757-683-9019,1/30/2020,4/6/2020,LGB
59779-630,157,Garbage Bags - Black,$283.01,Beam Radiation of Pancreas using Electrons,157,Rheba,Lee,401-804-0695,12/15/2018,6/14/2021,CVS Pharmacy
10544-047,158,"Veal - Tenderloin, Untrimmed",$85.18,"Transfer Accessory Nerve to Trochlear Nerve, Percutaneous Endoscopic Approach",158,Flem,O'Mahoney,662-494-0523,12/27/2022,11/18/2020,Hydrochlorothiazide
36987-2391,159,Sole - Fillet,$356.61,"Repair Right Main Bronchus, Via Natural or Artificial Opening Endoscopic",159,Johny,Fick,915-935-8116,8/15/2019,7/12/2021,Salt Grass
62175-272,160,Bowl 12 Oz - Showcase 92012,$257.91,"Removal of Autologous Tissue Substitute from Kidney, Open Approach",160,Kalinda,Atyea,111-501-1552,8/23/2020,12/12/2019,Oxybutynin Chloride
60512-6036,161,Langers - Mango Nectar,$47.91,"Revision of Monitoring Device in Right Lung, Open Approach",161,Ethelind,Dealy,999-427-4352,3/24/2023,10/8/2020,ARTHRITIS PAIN
54575-350,162,Laundry - Bag Cloth,$110.54,"Drainage of Cul-de-sac, Open Approach, Diagnostic",162,Annissa,Doag,368-770-1936,8/27/2019,6/13/2021,BEEF
21695-342,163,"Wine - White, Antinore Orvieto",$95.60,"Fusion of Right Acromioclavicular Joint with Internal Fixation Device, Open Approach",163,Jeramie,Sapwell,176-848-9797,6/12/2019,2/6/2020,LubriFresh P.M.
42254-228,164,Wine - Redchard Merritt,$440.07,"Revision of Bone Growth Stimulator in Nasal Bone, Percutaneous Approach",164,Clerkclaude,Buxsey,297-522-7922,7/24/2021,5/30/2022,HYDROCODONE BITARTRATE AND ACETAMINOPHEN
11822-4601,165,"Mushroom - Morels, Dry",$34.87,"Excision of Larynx, Via Natural or Artificial Opening Endoscopic, Diagnostic",165,Edee,Catford,195-619-0343,12/11/2018,3/28/2022,CVS fast relief laxative
37012-939,166,The Pop Shoppe - Lime Rickey,$8.42,"Fusion of Left Finger Phalangeal Joint with External Fixation Device, Open Approach",166,Perl,Bakster,459-777-5931,10/7/2020,4/28/2019,Cetirizine Hydrochloride
16252-573,167,Wine - Ej Gallo Sonoma,$309.52,Plain Radiography of Right Renal Artery using Other Contrast,167,Drew,Marusic,711-431-4820,8/24/2018,9/21/2019,Ramipril
60986-1020,168,Juice - Apple Cider,$139.95,"Revision of Internal Fixation Device in Right Hip Joint, External Approach",168,Lisabeth,Samms,984-380-4250,2/7/2021,2/5/2021,Solidago
0942-6484,169,Beer - Camerons Cream Ale,$396.94,"Eye, Excision",169,Kimbell,Bedin,919-780-6801,2/28/2021,1/3/2020,ADSOL Red Cell Preservation Solution System in Plastic Container (PL 146 Plastic)
33261-390,170,Arizona - Plum Green Tea,$22.43,"Drainage of Right Wrist Bursa and Ligament, Open Approach, Diagnostic",170,Orville,Rosberg,549-576-7801,7/1/2021,8/28/2018,Phendimetrazine Tartrate
31722-730,171,Gelatine Leaves - Envelopes,$412.29,"Drainage of Lingula Bronchus, Open Approach",171,Yehudit,Ecclesall,913-228-4733,4/10/2019,11/27/2019,Irbesartan
0006-0705,172,"Juice - Orange, Concentrate",$332.88,"Excision of Left Hand Vein, Percutaneous Endoscopic Approach, Diagnostic",172,Durand,Moller,795-893-7462,10/20/2021,10/28/2020,NOROXIN
50544-101,173,Oil - Cooking Spray,$221.45,"Removal of Nonautologous Tissue Substitute from Heart, Open Approach",173,Peri,Ambler,904-541-2587,11/2/2020,1/22/2020,AcneFree Severe Maximum Strength Repair Lotion
50988-210,174,Veal - Bones,$130.96,"Fragmentation in Left Vitreous, External Approach",174,Veronica,Cardinale,592-492-2176,1/6/2020,10/30/2022,Antibacterial Hand Soap
61957-0101,175,Ostrich - Prime Cut,$57.87,"Computerized Tomography (CT Scan) of Kidney Transplant using Low Osmolar Contrast, Unenhanced and Enhanced",175,Robin,Rentenbeck,164-916-3832,9/23/2019,5/18/2020,Dior Bronze Collagen Activ SPF 15 001
42291-723,176,Wine - Coteaux Du Tricastin Ac,$39.78,"Restriction of Right Common Carotid Artery with Bioactive Intraluminal Device, Percutaneous Endoscopic Approach",176,Aaron,MacAllaster,749-660-7506,10/8/2020,8/15/2020,Riluzole
53345-004,177,Wine - Semi Dry Riesling Vineland,$157.48,"Dilation of Left Ureter, Via Natural or Artificial Opening",177,Nikolai,Silkston,311-390-7482,2/10/2022,10/10/2022,DayTime Cold and Flu
41163-521,178,Garbage Bag - Clear,$96.16,"Replacement of Right Elbow Joint with Nonautologous Tissue Substitute, Open Approach",178,Marcela,Kenford,415-586-9375,4/26/2022,8/13/2020,equaline ibuprofen
21695-072,179,Maintenance Removal Charge,$268.96,High Dose Rate (HDR) Brachytherapy of Parathyroid Glands using Other Isotope,179,Tommi,Fone,831-736-5456,2/28/2022,12/15/2018,Risperidone
0023-4951,180,Bread - Corn Muffaletta,$495.46,"Release Right Basilic Vein, Percutaneous Approach",180,Renato,Decourt,549-332-6189,4/10/2019,6/3/2021,SkinMedica Purifying Toner
64525-0553,181,"Lobster - Tail, 3 - 4 Oz",$493.62,"Revision of Synthetic Substitute in Sacrum, Percutaneous Endoscopic Approach",181,Tabby,Hymans,104-339-5414,7/30/2020,5/4/2022,TopCare day time severe cold and cough
35356-753,182,Puree - Blackcurrant,$165.68,Manual Therapy Techniques Treatment of Integumentary System - Head and Neck,182,Estella,Hollier,622-357-4449,2/7/2020,4/9/2023,Triamcinolone Acetonide
36987-3199,183,Cheese - Gouda,$402.88,"Removal of Drainage Device from Nose, Percutaneous Approach",183,Maris,Bezemer,671-389-1815,12/26/2021,12/23/2019,Firebush/Burning Bush
0641-0367,184,Potatoes - Mini Red,$285.16,"Occlusion of Right Posterior Tibial Artery, Percutaneous Approach",184,Shannan,Humpherson,560-826-6145,11/1/2019,10/21/2018,Dexamethasone Sodium Phosphate
0591-5553,185,Rappini - Andy Boy,$429.17,"Release Transverse Colon, Percutaneous Endoscopic Approach",185,Adaline,Pucknell,549-872-8543,8/12/2018,9/10/2019,Doxycycline Hyclate
53808-0981,186,Apples - Sliced / Wedge,$467.15,"Drainage of Left Patella with Drainage Device, Percutaneous Approach",186,Ivy,Bugge,126-970-8119,7/7/2021,1/30/2022,Sulfamethoxazole and Trimethoprim
42507-157,187,"Lemonade - Strawberry, 591 Ml",$64.19,"Excision of Left Lower Lobe Bronchus, Via Natural or Artificial Opening Endoscopic",187,Rodi,Biers,891-445-2492,9/25/2021,3/26/2023,HYVEE
63739-494,188,Cloves - Ground,$446.74,"Drainage of Cerebral Meninges with Drainage Device, Open Approach",188,Trudy,Pikhno,349-736-5571,1/19/2019,11/11/2018,Fluoxetine
36987-2799,189,Towel Multifold,$210.71,Beam Radiation of Pelvis Lymphatics using Photons 1 - 10 MeV,189,Ronnie,Begwell,859-817-6965,7/19/2019,12/31/2018,White Mulberry
36987-3068,190,Limes,$75.15,"Supplement Carina with Autologous Tissue Substitute, Open Approach",190,Lynnette,Heinlein,571-338-6218,1/3/2021,5/20/2019,Black Walnut
43419-019,191,Milk - 2% 250 Ml,$192.31,"Release Lumbar Plexus, Open Approach",191,Hart,Fritchly,525-119-1781,6/22/2019,12/26/2021,Sulwhasoo Lumitouch Base
37000-099,192,Pasta - Cheese / Spinach Bauletti,$165.17,"Excision of Left Nipple, Open Approach",192,Melisent,Steventon,326-643-4936,12/27/2018,11/21/2020,Head and Shoulders
0472-0345,193,Cookies - Englishbay Oatmeal,$364.73,"Supplement Left Neck Muscle with Nonautologous Tissue Substitute, Open Approach",193,Cherey,Hannaway,804-710-2589,12/31/2021,1/20/2023,Hydrocortisone
49999-455,194,Wine - Beringer Founders Estate,$26.03,"Resection of Bilateral Adrenal Glands, Percutaneous Endoscopic Approach",194,Gothart,Attersoll,863-428-7721,2/2/2019,7/7/2019,Avelox
0378-3547,195,Lettuce - Boston Bib - Organic,$52.63,"Dilation of Left Common Carotid Artery with Three Drug-eluting Intraluminal Devices, Percutaneous Endoscopic Approach",195,Rosanna,Bradberry,730-761-0004,4/28/2022,7/28/2021,Mercaptopurine
43419-382,196,"Club Soda - Schweppes, 355 Ml",$361.36,"Inspection of Right Wrist Joint, Open Approach",196,Terrel,Stockin,598-846-5796,11/19/2019,11/3/2020,IOPE AIR CUSHION XP
62011-0051,197,Cheese - Grana Padano,$269.99,"Division of Abdomen Skin, External Approach",197,Trip,Olyfat,754-762-1917,2/25/2020,8/24/2022,Health Mart Pharmacy Childrens Cetirizine Hydrochloride
58177-679,198,Lumpfish Black,$74.32,"Removal of Nonautologous Tissue Substitute from Trachea, Via Natural or Artificial Opening",198,Tore,Britnell,484-107-3288,12/17/2022,9/1/2022,oxycodone hydrochloride
75905-001,199,Wine - Soave Folonari,$192.23,Beam Radiation of Thorax Lymphatics using Electrons,199,Davita,Sasser,394-614-9929,1/4/2020,5/9/2021,ULTRA CONTROL
67345-0691,200,"Wine - Red, Metus Rose",$330.59,"Dilation of Gastric Artery, Bifurcation, with Four or More Intraluminal Devices, Percutaneous Endoscopic Approach",200,Petronia,Beadon,318-924-8974,11/3/2020,6/1/2019,Purminerals 4 in 1 Makeup SPF 15 Deeper
65601-776,201,Chinese Foods - Cantonese,$482.76,"Removal of Nonautologous Tissue Substitute from Mouth and Throat, Via Natural or Artificial Opening Endoscopic",201,Krysta,Kubecka,853-105-9049,8/5/2019,4/6/2019,Clario Instant Hand Sanitizer
35356-611,202,Radish - Pickled,$273.54,"Reposition Vagus Nerve, Percutaneous Endoscopic Approach",202,Sigismund,Canape,311-891-0613,5/20/2021,10/3/2021,NUCYNTA
14505-488,203,Macaroons - Homestyle Two Bit,$403.82,"Bypass Left Subclavian Artery to Right Lower Arm Artery with Autologous Venous Tissue, Open Approach",203,Onofredo,Lorrimer,797-191-8857,5/1/2020,3/24/2021,Bisolvine
33992-1203,204,Parsley - Fresh,$144.16,"Removal of Internal Fixation Device from Left Temporomandibular Joint, Percutaneous Approach",204,Randy,O'Fallon,386-132-1610,4/26/2020,9/26/2020,Orange Scented Hand Sanitizer
63459-416,205,Tuna - Bluefin,$308.48,"Destruction of Right Internal Iliac Artery, Percutaneous Approach",205,Adriano,Hartwright,217-334-9238,2/15/2022,2/10/2022,GABITRIL
55289-057,206,Lettuce - Treviso,$174.24,"Release Right Anterior Chamber, Percutaneous Approach",206,Wren,Terese,225-586-4829,1/26/2022,1/20/2021,Cephalexin
43269-712,207,Coffee - Hazelnut Cream,$212.13,"Revision of Autologous Tissue Substitute in Left Elbow Joint, External Approach",207,Mitchel,Campbell-Dunlop,313-607-4118,8/14/2019,9/14/2021,Cranberry Spice Antibacterial Foaming Hand Wash
49349-074,208,Steampan Lid,$406.35,"Bypass Spinal Canal to Urinary Tract with Synthetic Substitute, Open Approach",208,Ronald,Andreini,750-925-0688,9/23/2021,8/28/2021,Triamterene and Hydrochlorothiazide
43857-0323,209,"Shrimp - 16/20, Peeled Deviened",$217.25,"Alteration of Upper Back with Nonautologous Tissue Substitute, Percutaneous Endoscopic Approach",209,Merrily,Gothard,602-557-9354,1/21/2019,10/3/2021,Bio Chem Detox
57702-466,210,Wine - Two Oceans Cabernet,$415.25,"Dilation of Right Brachial Artery with Two Drug-eluting Intraluminal Devices, Percutaneous Approach",210,Boigie,Claworth,108-235-7359,1/10/2020,2/14/2019,Zylast Antiseptic Surgical Scrub
42508-263,211,"Wine - Red, Harrow Estates, Cab",$269.81,Fluoroscopy of Bilateral External Carotid Arteries using Low Osmolar Contrast,211,Elga,Arling,422-760-5537,12/25/2018,11/13/2021,Arbonne Baby Care
54575-218,212,Bay Leaf Ground,$449.79,"Excision of Right Kidney Pelvis, Percutaneous Approach",212,Taddeo,Gutsell,124-289-4419,4/28/2021,8/5/2020,RHODOTORULA MUCILAGINOSA
24236-110,213,"Wine - Red, Mouton Cadet",$64.83,"Transfer Right Elbow Bursa and Ligament, Open Approach",213,Doralyn,Raddenbury,658-706-7204,2/23/2021,12/16/2018,Promethazine Hydrochloride
52686-275,214,Pepper - Pablano,$373.02,"Release Left Upper Lung Lobe, Percutaneous Approach",214,Zorine,Louys,312-607-2518,4/2/2023,6/22/2021,CLE DE PEAU BEAUTE UV PROTECTION
35356-987,215,Cake - Pancake,$251.57,"Drainage of Abdominal Aorta with Drainage Device, Percutaneous Approach",215,Ezri,Leavold,547-791-8271,8/2/2022,1/23/2023,Orphenadrine Citrate
42268-3001,216,Mushroom - Porcini Frozen,$93.71,"Supplement Right Lower Eyelid with Synthetic Substitute, Open Approach",216,Gunther,Castelow,536-811-5490,2/21/2020,3/25/2023,TS (Talmostop) Talhwan
76354-007,217,Cheese - Mozzarella,$137.07,"Removal of Drainage Device from Upper Vein, Open Approach",217,Doralynne,Lanchberry,279-451-6438,12/6/2022,11/16/2019,ELF Mineral Foundation SPF 15
37205-587,218,Cheese - Mozzarella,$81.30,"Extirpation of Matter from Left Temporomandibular Joint, Open Approach",218,Rene,Rubbert,752-473-3824,2/1/2023,8/5/2021,leader nite time
0781-3059,219,"Pasta - Lasagna Noodle, Frozen",$129.56,"Insertion of Radioactive Element into Left Hand, Percutaneous Approach",219,Susanne,Bowe,716-911-2545,12/28/2018,12/6/2018,Digoxin
54868-6255,220,Miso - Soy Bean Paste,$208.89,Range of Motion and Joint Integrity Assessment of Neurological System - Whole Body using Other Equipment,220,Johannes,Patifield,641-429-7230,8/23/2020,11/21/2021,Nateglinide
63323-924,221,"Rice Pilaf, Dry,package",$372.62,"Removal of Infusion Device from Right Knee Joint, Open Approach",221,Sibyl,Eckly,132-819-1047,4/26/2020,6/19/2019,Bacteriostatic Sodium Chloride
53808-0279,222,Bread - Calabrese Baguette,$120.40,Laser Interstitial Thermal Therapy of Diaphragm,222,Dur,Cowpland,230-683-6997,5/3/2022,1/16/2021,Levothyroxine Sodium
49702-222,223,Cheese - Gouda Smoked,$440.16,"Destruction of Right Vertebral Vein, Percutaneous Endoscopic Approach",223,Darda,Lunt,398-931-9022,3/7/2021,1/28/2022,ZIAGEN
36987-1379,224,Sprouts - Pea,$321.20,"Excision of Left Patella, Percutaneous Approach, Diagnostic",224,Chrisy,Revan,380-248-5524,4/22/2020,2/3/2019,Watermelon
53440-005,225,Soup Campbells Turkey Veg.,$259.02,"Repair Sciatic Nerve, Percutaneous Approach",225,Linnie,Jeffers,232-814-3888,9/21/2018,8/5/2019,Air
42339-002,226,Curry Paste - Green Masala,$4.92,"Excision of Right Tympanic Membrane, Percutaneous Endoscopic Approach, Diagnostic",226,Creight,Whitlaw,466-362-4954,2/23/2019,4/19/2023,Povidone-Iodine Pad
64725-0315,227,Sea Urchin,$84.13,"Restriction of Splenic Artery, Open Approach",227,Bevvy,Blundell,886-852-8607,5/20/2021,12/6/2021,Divalproex Sodium Extended-Release
0591-3497,228,Sorrel - Fresh,$60.65,"Fragmentation in Cerebral Ventricle, Percutaneous Endoscopic Approach",228,Rubia,Legister,494-495-3725,10/18/2022,1/19/2023,Galantamine hydrobromide
37205-828,229,Scallop - St. Jaques,$386.41,Plain Radiography of Skull,229,Livvyy,Blind,460-802-3256,1/31/2021,5/14/2021,leader cold head congestion
0093-4742,230,Table Cloth - 53x69 Colour,$63.40,"Replacement of Left Posterior Tibial Artery with Autologous Tissue Substitute, Open Approach",230,Davon,Iacovacci,187-168-0766,10/19/2022,11/17/2022,Citalopram
37808-199,231,Ginger - Crystalized,$394.58,"Drainage of Right Upper Extremity Lymphatic, Percutaneous Approach",231,Aldridge,Kettlesting,462-455-4384,9/1/2022,7/21/2022,miconazole 1
66336-834,232,"Olives - Green, Pitted",$256.25,"Reposition Right Neck Muscle, Open Approach",232,Lawrence,Bodycombe,218-257-7657,1/14/2021,1/10/2019,Baclofen
57955-2291,233,"Wine - Red, Antinori Santa",$394.26,"Fusion of Lumbosacral Joint with Nonautologous Tissue Substitute, Posterior Approach, Anterior Column, Percutaneous Approach",233,Melamie,Hupka,332-321-5436,11/9/2022,1/11/2020,Immature
55910-161,234,Eggroll,$203.84,"Bypass Gallbladder to Duodenum with Intraluminal Device, Open Approach",234,Robin,Ferri,202-337-4343,10/29/2019,4/9/2023,dg health infants pain and fever
68814-128,235,Chicken Breast Halal,$327.80,"Dilation of Middle Colic Artery with Three Drug-eluting Intraluminal Devices, Percutaneous Approach",235,Morrie,Hiley,170-972-4099,11/14/2021,11/7/2021,Karanja Tree Sunshield SPF 30
0409-4776,236,Nantucket - Pomegranate Pear,$175.00,"Bypass Right Internal Iliac Artery to Right Internal Iliac Artery with Autologous Venous Tissue, Percutaneous Endoscopic Approach",236,Brent,Enticott,144-345-1533,2/21/2019,2/2/2023,Lidocaine Hydrochloride
65044-2487,237,Beans - Fava Fresh,$107.91,"Excision of Upper Gingiva, Open Approach",237,Kerrill,Winslade,204-576-0419,1/29/2022,7/25/2020,"Pollens - Weeds and Garden Plants, Scotch Broom Cytisus scoparius"
12546-720,238,Salami - Genova,$425.68,"Restriction of Left Neck Lymphatic with Extraluminal Device, Percutaneous Endoscopic Approach",238,Shellysheldon,Colum,328-267-8927,1/22/2020,1/19/2022,Halls
43846-0009,239,Vinegar - Sherry,$333.08,"Revision of Drainage Device in Trachea, Via Natural or Artificial Opening",239,Web,Maghull,411-379-5484,5/30/2022,6/17/2020,Back and Neck Rescue
36987-1102,240,Jello - Assorted,$188.97,"Excision of Left External Auditory Canal, Via Natural or Artificial Opening Endoscopic, Diagnostic",240,Puff,Fishley,168-967-6766,3/12/2020,12/31/2018,Rabbit Epithelium
11584-0476,241,Banana,$31.96,"Insertion of Reservoir into Chest Subcutaneous Tissue and Fascia, Open Approach",241,Salvidor,Crommett,973-619-7324,12/29/2018,3/22/2023,Relagesic
45146-110,242,Sour Puss Raspberry,$157.74,"Drainage of Left Anterior Tibial Artery, Percutaneous Approach",242,Yale,Senescall,943-731-3880,9/23/2020,3/14/2022,Orabloc
54868-5916,243,Vinegar - Sherry,$496.13,"Insertion of Radioactive Element into Retroperitoneum, Percutaneous Approach",243,Gennifer,Enoch,233-712-4368,11/8/2022,9/22/2019,Vyvanse
51346-176,244,Onions - Vidalia,$55.55,"Extirpation of Matter from Head Muscle, Percutaneous Endoscopic Approach",244,Kelsey,Mille,622-866-7870,4/29/2019,10/16/2019,HAND AND NATURE ANTI WRINKLE HAND
42291-701,245,"Coffee - Beans, Whole",$497.18,"Drainage of Perineum Tendon, Percutaneous Approach",245,Keenan,Mungan,227-815-1661,4/22/2019,1/8/2023,Quinapril
69033-001,246,"Pork - Bacon, Sliced",$105.79,"Reattachment of Left Knee Tendon, Percutaneous Endoscopic Approach",246,Josephina,MacGorman,633-640-5436,4/20/2021,6/20/2020,La mer Hand Sanitizer
57525-011,247,Wine - Shiraz South Eastern,$160.94,"Revision of Implantable Heart Assist System in Heart, Open Approach",247,Donnajean,Warfield,453-459-9785,10/5/2022,5/31/2021,RITUALS precious mineral foundation broad spectrum SPF 15 sunscreen SHADE 11
55154-5611,248,Spring Roll Veg Mini,$388.80,"Extirpation of Matter from Right Trunk Bursa and Ligament, Percutaneous Approach",248,Milty,Seebert,710-560-0950,4/14/2023,7/24/2019,Klor-Con M20
42192-336,249,Muffin Chocolate Individual Wrap,$125.77,"Supplement Bilateral Inguinal Region with Nonautologous Tissue Substitute, Open Approach",249,Kiel,Chsteney,407-192-5674,1/22/2022,10/28/2021,Chlordiazepoxide Hydrochloride And Clidinium Bromide
48951-4093,250,Chicken - Base,$27.87,"Excision of Vestibular Gland, External Approach, Diagnostic",250,Laurena,Threadgold,301-399-0718,7/2/2022,3/2/2023,Fragaria Vitis Liver Support
63941-261,251,"Cheese - Havarti, Roasted Garlic",$68.95,"Revision of Intraluminal Device in Ureter, Via Natural or Artificial Opening",251,Matthew,Flecknell,269-750-4275,6/27/2020,3/29/2021,Childrens Ibuprofen
68084-149,252,Mussels - Frozen,$390.08,"Revision of Extraluminal Device in Fallopian Tube, Via Natural or Artificial Opening Endoscopic",252,Miguelita,Jonuzi,753-588-1427,1/15/2022,1/21/2023,MethylPREDNISolone
42002-419,253,Paper Towel Touchless,$253.98,Beam Radiation of Hypopharynx using Photons <1 MeV,253,Del,Duer,557-355-1144,10/22/2022,7/1/2022,Listerine
65517-0002,254,"Water - Mineral, Carbonated",$270.65,"Destruction of Left Main Bronchus, Via Natural or Artificial Opening",254,Amelie,Bech,970-237-4005,5/2/2019,3/9/2023,Dukal Sterile Alcohol Prep Pad
55312-034,255,Container Clear 8 Oz,$236.99,"Extirpation of Matter from Lower Artery, Percutaneous Approach",255,Emmalee,Rylstone,343-288-6483,10/15/2018,3/24/2022,WESTERN FAMILY HEMORRHOIDAL
68047-714,256,Puff Pastry - Sheets,$185.80,"Destruction of Bilateral Vas Deferens, Percutaneous Approach",256,Merl,Tissiman,617-236-7351,9/6/2019,2/25/2021,Doxycycline Hyclate
68151-0648,257,"Cake Circle, Paprus",$438.34,Plain Radiography of Right Brachiocephalic-Subclavian Artery using Low Osmolar Contrast,257,Adriena,Lukasen,964-304-1463,2/13/2023,8/15/2020,Senna
10191-1252,258,"Sugar - Brown, Individual",$113.24,"Drainage of Right Greater Saphenous Vein with Drainage Device, Percutaneous Approach",258,Hart,Fero,704-415-5410,3/16/2021,9/14/2021,ARNICA MONTANA
41250-766,259,Cookie - Dough Variety,$181.56,"Occlusion of Esophagus with Intraluminal Device, Via Natural or Artificial Opening Endoscopic",259,Burtie,Ferronier,418-442-2778,3/26/2021,9/22/2022,pain and fever
35356-064,260,Bread - White Mini Epi,$247.80,"Drainage of Right Inguinal Lymphatic with Drainage Device, Percutaneous Approach",260,Hewett,Cossington,325-764-6722,3/18/2021,4/11/2022,Atripla
59779-516,261,"Juice - Orange, Concentrate",$446.08,"Supplement Pericardium with Zooplastic Tissue, Open Approach",261,Randi,Laise,542-469-6332,9/13/2019,5/21/2019,CVS Tussin CF
55154-3679,262,Wine - Beringer Founders Estate,$159.81,Coordination/Dexterity Treatment of Integumentary System - Whole Body using Prosthesis,262,Les,Wordington,306-928-1436,12/14/2020,9/16/2019,Carvedilol
68180-337,263,Salt And Pepper Mix - Black,$448.72,"Extirpation of Matter from Right Radial Artery, Percutaneous Approach",263,Tildi,Killwick,316-510-9088,1/14/2023,12/26/2021,Metformin Hydrochloride
0781-5726,264,"Pepper - Green, Chili",$376.42,"Repair Right Vertebral Vein, Percutaneous Endoscopic Approach",264,Enrica,Ludwikiewicz,240-350-8871,4/7/2022,10/4/2019,oxycodone hydrochloride
0378-0092,265,Wine - Guy Sage Touraine,$94.81,"Drainage of Right Lower Arm with Drainage Device, Open Approach",265,Lucien,Conew,703-965-4488,6/17/2020,11/29/2021,Maprotiline Hydrochloride
58503-007,266,Dip - Tapenade,$460.85,"Release Right Middle Lung Lobe, Via Natural or Artificial Opening",266,Modestine,Botler,445-359-0067,9/14/2019,1/2/2020,Ice Cold Topical Analgesic Gel
57237-066,267,"Chilli Paste, Ginger Garlic",$220.01,"Revision of Internal Fixation Device in Left Elbow Joint, Percutaneous Approach",267,Rubetta,Trelease,111-247-2035,10/4/2020,9/23/2022,Levofloxacin
51367-019,268,Cheese - Marble,$312.33,"Repair Female Reproductive System in Products of Conception with Other Device, Percutaneous Endoscopic Approach",268,Emylee,Brewse,610-305-6168,4/16/2019,8/16/2022,Zhuanggu Shexiang Zhitonggao Pain Relieving Plaster
50484-328,269,Tomatoes - Roma,$186.77,"Bypass Left Ureter to Right Ureter with Autologous Tissue Substitute, Open Approach",269,Austen,Dolbey,801-537-6974,2/26/2023,1/20/2019,Secura Antifungal
57344-158,270,Muffin Mix - Chocolate Chip,$60.59,"Removal of External Fixation Device from Left Carpal, Open Approach",270,Georgianne,Romanetti,434-664-6488,6/16/2022,12/7/2020,"Chlorpheniramine Maleate, Phenylephrine Hydrochloride"
41190-094,271,Transfer Sheets,$190.16,Plain Radiography of Right Ureter using High Osmolar Contrast,271,Dulce,Grigoryov,954-811-6807,1/14/2020,9/4/2021,ShopRite Nasal Decongestant PE
59310-204,272,"Clams - Littleneck, Whole",$38.43,"Extirpation of Matter from Right Common Carotid Artery, Percutaneous Approach",272,Vitoria,Leonardi,385-889-1897,3/25/2021,12/6/2020,QVAR
54868-6251,273,Gooseberry,$319.49,"Removal of Autologous Tissue Substitute from Lumbar Vertebral Joint, Percutaneous Endoscopic Approach",273,Gaynor,Trazzi,616-363-5832,2/26/2019,9/27/2019,JINTELI
0007-4892,274,Appetiser - Bought,$414.97,"Occlusion of Pancreatic Duct, Percutaneous Approach",274,Esme,Howel,953-579-3187,3/3/2019,9/20/2019,REQUIP
64117-251,275,Mustard - Individual Pkg,$346.62,"Reposition Right Cephalic Vein, Percutaneous Approach",275,Barr,Dabling,791-112-5897,12/9/2022,1/3/2023,ITCHING SKIN
0054-4596,276,Pop Shoppe Cream Soda,$269.87,"Resection of Tongue, External Approach",276,Hedwiga,Feige,742-417-0812,7/14/2022,8/14/2020,Meperidine Hydrochloride
17156-616,277,Cake - Box Window 10x10x2.5,$355.33,"Bypass Innominate Artery to Left Upper Leg Artery, Open Approach",277,Corena,Croad,183-895-5876,7/5/2020,10/19/2020,Technetium Tc99m Generator
59779-899,278,"Trout - Rainbow, Frozen",$62.27,"Beam Radiation of Nose using Electrons, Intraoperative",278,Flossi,Hritzko,320-792-6204,11/28/2019,1/25/2020,CVS Pharmacy
76331-908,279,Beef - Striploin,$290.33,"Dilation of Left Popliteal Artery with Two Intraluminal Devices, Percutaneous Endoscopic Approach",279,Philbert,Murra,831-669-1149,10/23/2019,8/24/2020,Nutri-Tab OB plus DHA
30142-958,280,Apricots Fresh,$263.86,"Drainage of Prostate, Percutaneous Endoscopic Approach",280,Sid,Rikard,360-533-6592,7/10/2022,8/4/2022,Cough DM
68788-9919,281,V8 - Berry Blend,$323.17,"Insertion of Internal Fixation Device into Left Mandible, Percutaneous Endoscopic Approach",281,Annabela,Cullity,122-148-8534,4/11/2020,12/11/2019,Hydrochlorothiazide
50544-005,282,Table Cloth 72x144 White,$198.30,"Bypass Innominate Artery to Upper Arm Vein with Synthetic Substitute, Open Approach",282,Kayle,Hawkey,106-804-8814,3/13/2019,8/23/2019,AcneFree Clear Skin Treatments Gentle Acne Scrub
49348-854,283,Butter - Unsalted,$471.00,"Destruction of Right Tympanic Membrane, Via Natural or Artificial Opening",283,Aigneis,Limb,154-379-4834,6/1/2022,1/18/2020,sunmark
54575-371,284,French Pastry - Mini Chocolate,$350.56,"Destruction of Hymen, Percutaneous Endoscopic Approach",284,Patric,Naden,942-608-4131,4/15/2023,12/30/2022,CHERRY FOOD
24208-785,285,Longos - Lasagna Beef,$103.86,Immobilization of Left Thumb using Splint,285,Thatch,Reuble,944-734-2641,8/17/2022,3/4/2020,"Neomycin and Polymyxin B Sulfates, Bacitracin Zinc and Hydrocortisone"
64725-0170,286,Water - Spring Water 500ml,$44.48,"Inspection of Head and Neck Subcutaneous Tissue and Fascia, Percutaneous Approach",286,Paloma,Fenton,564-687-2688,10/28/2020,9/17/2018,HYDROXYZINE PAMOATE
68151-0084,287,Mayonnaise,$122.29,"Insertion of Internal Fixation Device into Left Finger Phalanx, Percutaneous Endoscopic Approach",287,Curtice,Oakland,223-964-0360,3/21/2019,9/3/2018,Flucytosine
42421-226,288,Flour - All Purpose,$459.11,"Inspection of Thoracic Vertebral Disc, External Approach",288,Tobe,Krause,785-583-0406,7/21/2019,9/7/2020,Safe Harbor - Natural Anti-Aging Sunscreen Broad Spectrum SPF30 Sunscreen Sensitive Skin
68462-206,289,Pheasants - Whole,$39.06,Motor Function Treatment of Neurological System - Lower Back / Lower Extremity using Orthosis,289,Madelina,Gerbi,878-325-8083,11/29/2022,10/26/2022,Moexipril Hydrochloride and Hydrochlorothiazide
11822-0110,290,Wine - Taylors Reserve,$196.56,"Fragmentation in Ampulla of Vater, External Approach",290,Dawna,Stenner,543-297-3888,5/12/2022,12/26/2022,Peptic Relief
24236-167,291,Napkin Colour,$36.76,"Repair Mediastinum, Percutaneous Endoscopic Approach",291,Corrie,Ravenshaw,951-109-1440,1/10/2021,8/19/2022,CLINDAMYCIN HYDROCHLORIDE
52979-8004,292,Bread - Assorted Rolls,$255.09,"Drainage of Left Main Bronchus, Percutaneous Approach",292,Murial,Gilbey,109-785-9517,12/29/2022,2/14/2022,Under Paris Hand Sanitizer
64942-1243,293,Rice - Sushi,$345.99,"Computerized Tomography (CT Scan) of Right and Left Heart using Other Contrast, Unenhanced and Enhanced",293,Marshall,Blann,719-154-3140,2/25/2019,11/17/2019,Dove
55154-1814,294,Ginger - Pickled,$101.25,"Repair Intracranial Vein, Percutaneous Endoscopic Approach",294,Ive,Micco,981-654-4201,10/20/2020,4/14/2023,Zyprexa
66552-0001,295,Sauce - Salsa,$399.91,"Supplement Right Fibula with Autologous Tissue Substitute, Percutaneous Endoscopic Approach",295,Aurore,Mac,385-986-8117,12/24/2022,1/27/2019,Oxygen
63629-2682,296,Oranges,$326.34,"Replacement of Left Lacrimal Bone with Autologous Tissue Substitute, Open Approach",296,Kingsley,Shoosmith,397-477-0837,1/19/2021,8/22/2022,Nabumetone
53145-030,297,Potatoes - Idaho 80 Count,$97.58,"Restriction of Bladder Neck with Extraluminal Device, Open Approach",297,Zitella,Tunsley,432-905-0886,5/4/2019,2/8/2019,Bronco Pulmonar Syrup
68400-355,298,Soup - Campbells Beef Stew,$277.36,"Removal of Infusion Device from Left Metacarpophalangeal Joint, Percutaneous Endoscopic Approach",298,Bibbye,Whild,717-686-3544,12/18/2020,9/27/2021,Gelato Topical Anesthetic
29500-2437,299,"Vermouth - Sweet, Cinzano",$206.43,"Removal of Drainage Device from Left Breast, Open Approach",299,Tracie,Beri,851-509-0473,4/5/2020,6/7/2019,Anti-Itch
55154-1383,300,"Pineapple - Canned, Rings",$91.08,"Excision of Right Lower Eyelid, External Approach",300,Holly,Jaher,362-878-8566,8/2/2020,4/12/2020,FAMOTIDINE
43319-010,301,Clam Nectar,$219.47,"Dilation of Left Axillary Artery, Bifurcation, with Two Intraluminal Devices, Percutaneous Endoscopic Approach",301,Minetta,Izac,936-770-2152,11/10/2018,1/30/2020,GOONGSECRET BABY SUN
0268-6757,302,Mints - Striped Red,$375.30,"Supplement Left Vertebral Artery with Autologous Tissue Substitute, Open Approach",302,Silvie,Doumic,477-759-4858,5/28/2021,2/18/2022,DISTICHLIS SPICATA POLLEN
49348-752,303,Evaporated Milk - Skim,$285.75,"Drainage of Head, Percutaneous Endoscopic Approach",303,Shanta,Stable,875-463-3220,11/24/2022,9/21/2022,Anti-Diarrheal
98132-701,304,Extract - Almond,$36.28,"Extirpation of Matter from Right Fallopian Tube, Open Approach",304,Carly,Easdon,573-289-2610,5/3/2020,1/17/2023,bareMinerals 5-in-1 BB Advanced Performance Eyeshadow Broad Spectrum SPF 15
51619-400,305,"Lid - Translucent, 3.5 And 6 Oz",$236.19,"Removal of Extraluminal Device from Uterus and Cervix, Open Approach",305,Emanuel,Debrett,787-905-6492,10/22/2022,11/7/2022,PEPSOM SPORTS SPEARMINT
61957-1114,306,Beer - Sleemans Cream Ale,$205.39,"Excision of Left Foot Skin, External Approach",306,Gerrilee,Seery,585-271-0335,8/7/2018,6/18/2021,CD HydraLife BB Creme Enhancing Sunscreen Moisturizer For Immediate Beauty Sunny Amber Broad Spectrum SPF 30
0409-9043,307,Monkfish - Fresh,$11.76,"Revision of Internal Fixation Device in Cervical Vertebral Joint, Percutaneous Approach",307,Austen,Barr,330-102-2910,11/12/2020,9/24/2022,Bupivacaine Hydrochloride and Epinephrine
35356-028,308,V8 Splash Strawberry Kiwi,$431.84,"Repair Left Vocal Cord, Open Approach",308,Viki,Shevelin,687-192-0957,6/25/2021,12/25/2022,Citalopram
36800-009,309,"Thyme - Lemon, Fresh",$50.48,"Release Pancreatic Duct, Percutaneous Endoscopic Approach",309,Ashlee,Curthoys,201-671-7942,8/9/2020,12/14/2020,Medicated Apricot Scrub
65862-609,310,Bacardi Limon,$75.28,"Removal of Nonautologous Tissue Substitute from Right Humeral Head, Percutaneous Approach",310,Lesya,Fery,317-498-5175,9/16/2020,4/28/2020,Pramipexole Dihydrochloride
0121-4802,311,"Yogurt - Banana, 175 Gr",$341.14,"Excision of Right Tarsal Joint, Open Approach, Diagnostic",311,Rollie,Espasa,691-322-4812,9/26/2020,5/23/2020,LEVETIRACETAM
49348-759,312,Flower - Commercial Spider,$74.57,"Fusion of Lumbar Vertebral Joint with Interbody Fusion Device, Posterior Approach, Anterior Column, Percutaneous Approach",312,Lacee,Matthis,677-654-2461,12/4/2019,4/7/2020,Sunmark fiber laxative
66552-0001,313,Halibut - Steaks,$432.33,"Destruction of Thoracic Vertebral Disc, Percutaneous Approach",313,Evvie,Van Oord,324-335-1126,7/14/2022,4/15/2022,Oxygen
68788-9941,314,Tea - Herbal I Love Lemon,$357.43,Removal of Traction Apparatus on Right Lower Arm,314,Lindi,Di Giorgio,598-834-2201,8/23/2018,5/14/2020,Clonazepam
52125-744,315,Huck White Towels,$438.81,"Supplement Esophagus with Synthetic Substitute, Percutaneous Endoscopic Approach",315,Deina,Herries,178-663-1990,6/24/2020,6/21/2022,Ondansetron
0067-6012,316,"Wine - Red, Pelee Island Merlot",$9.33,"Revision of Other Device in Right Lower Extremity, Open Approach",316,Jacques,Parrish,232-813-1646,10/1/2021,4/12/2021,Meijer NICOTINE TRANSDERMAL SYSTEM
13811-629,317,Lettuce - Lambs Mash,$404.41,"Drainage of Right Ulna, Percutaneous Approach",317,Angelico,Balwin,332-955-8792,12/15/2020,7/23/2021,BENAZEPRIL HYDROCHLORIDE
55154-6910,318,Truffle Shells - White Chocolate,$480.14,"Supplement Left Sternoclavicular Joint with Nonautologous Tissue Substitute, Percutaneous Approach",318,Sheela,Braganza,652-429-1344,9/3/2019,12/22/2018,SEROQUEL
66051-210,319,Onions - Cippolini,$155.20,"Ultrasonography of Left Hand, Densitometry",319,Tammy,Izard,268-968-9537,4/9/2023,10/28/2018,Haws Eyewash Additive
65954-553,320,Lettuce - Radicchio,$142.55,"Dilation of Right Posterior Tibial Artery, Bifurcation, Percutaneous Endoscopic Approach",320,Maritsa,Clerc,335-369-9008,1/25/2020,11/13/2022,Colgate Sensitive Pro Relief Enamel Repair
51079-374,321,"Nut - Cashews, Whole, Raw",$9.29,"Removal of Extraluminal Device from Epididymis and Spermatic Cord, Via Natural or Artificial Opening Endoscopic",321,Der,Baggaley,355-678-7299,3/31/2019,1/31/2022,Chlordiazepoxide Hydrochloride
68001-228,322,Cookie Dough - Peanut Butter,$30.61,"Supplement Right Pelvic Bone with Synthetic Substitute, Percutaneous Endoscopic Approach",322,Mead,Polglase,550-114-6917,2/1/2019,8/19/2019,Trospium Chloride
67253-146,323,Dc Hikiage Hira Huba,$119.08,Laser Interstitial Thermal Therapy of Esophagus,323,Ealasaid,Gabites,232-557-2617,8/7/2019,10/9/2021,Amoxicillin
51393-7588,324,Beans - Kidney White,$406.06,"Supplement Azygos Vein with Synthetic Substitute, Percutaneous Endoscopic Approach",324,Whitman,Gillooly,129-559-5725,9/18/2019,11/4/2020,Migraine
57955-8200,325,"Mushroom - Enoki, Dry",$131.41,"Supplement Left Extraocular Muscle with Autologous Tissue Substitute, Open Approach",325,Roman,Daynter,396-163-1659,11/22/2022,12/24/2020,Regional Allergies Rocky Mtns. U.S.
52125-955,326,Red Cod Fillets - 225g,$76.05,"Supplement Hepatic Artery with Synthetic Substitute, Percutaneous Endoscopic Approach",326,Yettie,Ubsdale,888-183-7577,9/12/2021,10/31/2020,Quetiapine Fumarate
11410-128,327,Ice Cream - Vanilla,$201.36,"Supplement Right Nipple with Synthetic Substitute, Via Natural or Artificial Opening",327,Sybila,Habron,711-738-4993,1/27/2021,9/5/2018,Proactiv Solution
59762-3719,328,"Rum - Light, Captain Morgan",$89.65,Removal of Pressure Dressing on Back,328,Sherri,McAlindon,805-452-7971,5/20/2019,4/30/2020,Alprazolam
51051-001,329,"Carrots - Purple, Organic",$383.48,"Dilation of Superior Mesenteric Artery with Three Intraluminal Devices, Percutaneous Approach",329,Bamby,Munkley,186-146-7806,5/1/2022,9/17/2020,Oxygen
55714-2244,330,Grapes - Black,$336.72,"Destruction of Left Mastoid Sinus, Percutaneous Approach",330,Adriane,Ellins,786-602-6865,10/13/2022,6/7/2019,Nervousness - Anxiety
68151-2871,331,Creamers - 10%,$147.93,"Repair Right Shoulder Tendon, Percutaneous Approach",331,Bartholomew,Camp,865-196-3021,3/26/2022,9/11/2020,Sulindac
10812-098,332,Bread - English Muffin,$311.71,"Lymphatic and Hemic Systems, Insertion",332,Luther,Josefowicz,644-823-0085,6/19/2020,4/10/2023,Neutrogena Healthy Skin Compact Makeup
63717-332,333,Potatoes - Mini Red,$442.81,"Introduction of Immunostimulator into Peripheral Vein, Open",333,Anett,Totterdell,134-993-8997,4/17/2023,9/28/2020,biclora
65841-654,334,Extract - Lemon,$320.62,"Extirpation of Matter from Right Metacarpophalangeal Joint, Open Approach",334,Nanine,Marklow,286-704-5340,5/25/2020,8/6/2019,Bromocriptine mesylate
48951-8213,335,Container - Clear 32 Oz,$10.37,"Dilation of Right Colic Artery with Four or More Intraluminal Devices, Open Approach",335,Tammara,Huett,259-883-4453,7/5/2022,1/29/2019,Stibium 6
49035-730,336,Veal - Loin,$265.82,"Drainage of Esophagogastric Junction, Percutaneous Endoscopic Approach, Diagnostic",336,Laurel,Cambridge,792-167-8391,3/30/2023,5/22/2019,Miconazole 7
59762-5093,337,Broom And Broom Rack White,$0.30,"Supplement Hepatic Vein with Autologous Tissue Substitute, Percutaneous Approach",337,Aurilia,Shickle,269-581-0682,7/4/2019,8/18/2019,epirubicin hydrochloride
0172-5033,338,Teriyaki Sauce,$394.89,"Revision of Drainage Device in Cervicothoracic Vertebral Disc, Open Approach",338,Meta,Dahmel,264-118-6962,5/18/2020,5/6/2022,Lisinopril and Hydrochlorothiazide
63940-641,339,Garlic,$39.66,"Dilation of Right Temporal Artery with Drug-eluting Intraluminal Device, Percutaneous Endoscopic Approach",339,Teador,Ollivier,660-995-5293,12/16/2021,6/4/2019,Hand Wash
62080-1001,340,Snapple Raspberry Tea,$46.69,"Supplement of Chest Subcutaneous Tissue and Fascia with Autologous Tissue Substitute, Open Approach",340,Candice,Abramovici,910-547-8811,1/6/2021,2/1/2020,Ruby-Cell 4U Bio Cellulose Mask
68084-508,341,Uniform Linen Charge,$464.34,"Destruction of Common Bile Duct, Via Natural or Artificial Opening Endoscopic",341,Miriam,Murdie,925-451-2141,9/21/2020,10/5/2018,Digoxin
0268-6100,342,Bar Energy Chocchip,$379.47,"Replacement of Nasal Bone with Synthetic Substitute, Percutaneous Approach",342,Karlen,Swaffield,171-537-5264,5/21/2020,10/19/2021,ALMOND
20276-551,343,Neckerchief Blck,$229.58,"Removal of Internal Fixation Device from Left Fibula, External Approach",343,Jessie,Dobbs,246-132-0643,12/14/2019,8/28/2020,Lucky Super Soft
55301-612,344,Ginsing - Fresh,$189.21,"Drainage of Left Pleura, Percutaneous Approach, Diagnostic",344,Row,Cure,192-913-4804,12/14/2019,4/14/2022,exchange select allergy relief
16590-891,345,"Pepsi, 355 Ml",$81.45,"Insertion of Infusion Device into Superior Mesenteric Vein, Percutaneous Approach",345,Laurene,Clandillon,552-477-5830,12/29/2019,12/15/2018,LANSOPRAZOLE
42508-163,346,Beef - Ground Lean Fresh,$402.97,"Repair Left Trunk Muscle, Percutaneous Approach",346,Bobbi,Dunphy,157-479-6876,6/21/2019,1/25/2019,Perfecting Liquid Foundation Espresso
0149-0472,347,Wine - Casillero Deldiablo,$126.29,"Drainage of Left Inferior Parathyroid Gland with Drainage Device, Open Approach",347,Valentia,Poff,429-513-6362,4/2/2022,11/19/2020,ACTONEL
0832-1072,348,Sugar Thermometer,$157.01,"Drainage of Left Vertebral Vein with Drainage Device, Percutaneous Endoscopic Approach",348,Hamnet,Hum,768-500-2144,8/7/2021,10/19/2019,Topiramate
55714-1502,349,"Wine - Bourgogne 2002, La",$438.70,"Division of Lumbosacral Plexus, Percutaneous Approach",349,Cassy,Cannan,771-411-9224,11/2/2021,11/24/2022,Sniffles
60344-7001,350,Squid U5 - Thailand,$301.44,"Revision of Drainage Device in Lower Bone, Percutaneous Endoscopic Approach",350,Aubine,Easthope,644-269-2805,1/11/2023,9/22/2019,Tamnamo Vital Hair Treatment
16590-030,351,"Pasta - Penne, Rigate, Dry",$236.78,Osteopathic Treatment of Upper Extremities using Articulatory-Raising Forces,351,Dedie,Picard,197-197-8061,5/19/2020,5/17/2021,BECONASE
68645-252,352,Venison - Liver,$216.35,Examination of Nervous System,352,Brit,Dosedale,156-272-0278,6/27/2020,7/20/2020,Citalopram
49884-459,353,Compound - Orange,$193.87,"Chiropractic Manipulation of Rib Cage, Long Lever Specific Contact",353,Tobye,Stacey,969-490-9414,3/25/2019,7/23/2019,Fentanyl Citrate
64117-524,354,Cheese - Bakers Cream Cheese,$66.68,"Revision of Extraluminal Device in Lower Intestinal Tract, Open Approach",354,Wesley,McDugal,713-814-8726,9/21/2021,8/29/2021,NHS Insomnia 1
36987-2454,355,Vinegar - White,$178.20,"Bypass Jejunum to Transverse Colon with Synthetic Substitute, Via Natural or Artificial Opening Endoscopic",355,Deanna,Dannohl,629-892-5712,7/1/2020,12/7/2018,Red Alder
0904-5802,356,Beans - Butter Lrg Lima,$28.94,"Transfer Trochlear Nerve to Trigeminal Nerve, Open Approach",356,Kore,Rustman,612-394-1836,3/3/2023,8/12/2022,Simvastatin
52533-116,357,Bread Fig And Almond,$121.62,"Extraction of Perineum Bursa and Ligament, Percutaneous Approach",357,Row,Colwill,826-397-9165,1/14/2021,5/31/2020,Fentanyl Citrate
55154-3196,358,"Cheese - Brie,danish",$139.49,"Reposition Left Hip Tendon, Percutaneous Endoscopic Approach",358,Odille,Nicklen,287-606-9157,9/9/2018,7/25/2020,Calcium Chloride
50742-138,359,Wine - Cava Aria Estate Brut,$151.07,"Excision of Right Metacarpophalangeal Joint, Percutaneous Approach",359,Kipper,Oleksiak,210-105-0916,10/9/2022,9/21/2020,Simvastatin
54868-4853,360,"Chicken - Wings, Tip Off",$284.00,"Extirpation of Matter from Left Upper Arm Subcutaneous Tissue and Fascia, Open Approach",360,Anderea,Bowers,785-369-0170,5/15/2021,6/27/2019,Emtriva
30142-046,361,"Turkey - Breast, Smoked",$110.37,"Fusion of Left Knee Joint with Nonautologous Tissue Substitute, Percutaneous Endoscopic Approach",361,Kimmie,Grivori,464-158-5928,11/28/2022,12/16/2022,Pain Relief
69139-102,362,Table Cloth 72x144 White,$438.42,"Dilation of Lower Artery with Three Intraluminal Devices, Open Approach",362,Brunhilde,Cocci,443-762-9553,9/29/2019,2/14/2019,Assured ANTIBACTERIAL BANDAGE
69004-003,363,"Noodles - Cellophane, Thin",$450.99,"Drainage of Paraganglion Extremity, Percutaneous Approach",363,Ferguson,Easeman,332-314-7649,11/18/2019,3/11/2019,GPS Topical Anesthetic
16590-282,364,"Juice - Pineapple, 48 Oz",$491.61,"Transfer Right Upper Extremity Bursa and Ligament, Percutaneous Endoscopic Approach",364,Dannie,Rillatt,382-320-2014,2/3/2022,4/29/2021,FLUCONAZOLE
68788-9053,365,Goulash Seasoning,$134.64,"Introduction of Electrolytic and Water Balance Substance into Mouth and Pharynx, External Approach",365,Sloan,Steynor,854-121-1781,7/27/2021,1/22/2020,Benazepril Hydrochloride
42023-126,366,Versatainer Nc - 888,$9.73,"Excision of Right Upper Extremity Lymphatic, Percutaneous Approach, Diagnostic",366,Yvor,Shuttle,150-275-1592,4/10/2023,8/6/2018,Dantrium
23155-049,367,"Salmon - Atlantic, Skin On",$427.10,"Reposition Optic Nerve, Percutaneous Approach",367,Riki,Yitzovitz,221-880-9537,9/1/2018,10/23/2021,Felodipine
0065-0260,368,Beef - Tenderloin Tails,$423.95,"Excision of Gastric Artery, Percutaneous Approach",368,Selig,Bohlje,994-169-9901,10/8/2021,11/21/2022,Travatan Z
55533-682,369,Bacardi Raspberry,$240.62,"Resection of Right Hand Tendon, Percutaneous Endoscopic Approach",369,Sonny,Kleinsmuntz,549-330-5907,4/5/2022,5/7/2022,HEALTHY HANDS SANITIZING HAND WIPES WITH ALOE
0268-6659,370,"Basil - Primerba, Paste",$229.90,"Insertion of Other Device into Left Shoulder Region, Open Approach",370,Rollo,Wahncke,334-919-7343,11/7/2021,6/5/2022,SALSOLA KALI POLLEN
53808-1047,371,Cheese - Parmesan Grated,$209.39,Computerized Tomography (CT Scan) of Right Sternoclavicular Joint using Low Osmolar Contrast,371,Beck,Inns,292-366-9552,3/9/2019,2/18/2021,Pantoprazole Sodium
24488-005,372,Juice - Ocean Spray Kiwi,$238.47,"Drainage of Right Anterior Tibial Artery, Percutaneous Endoscopic Approach, Diagnostic",372,Linell,Mouser,219-694-7576,12/21/2019,2/18/2021,Creations Garden
62670-3635,373,Nantucket Cranberry Juice,$389.38,"Dilation of Left Anterior Tibial Artery, Bifurcation, with Intraluminal Device, Percutaneous Approach",373,Idalia,Thomasset,907-707-1760,6/12/2022,7/16/2021,Anti-Bacterial Hand
17478-742,374,Cookie Trail Mix,$143.98,"Division of Left Ankle Tendon, Percutaneous Approach",374,Shaun,Durtnel,363-330-6069,1/17/2022,8/12/2018,Vancomycin Hydrochloride
68788-9707,375,"Coffee - Beans, Whole",$389.85,"Supplement Median Nerve with Autologous Tissue Substitute, Percutaneous Endoscopic Approach",375,Kent,Mossman,779-201-1859,11/24/2021,8/27/2020,Levofloxacin
0220-1106,376,"Nut - Chestnuts, Whole",$256.25,"Replacement of Right Metatarsal with Autologous Tissue Substitute, Percutaneous Approach",376,Corbet,Brando,821-821-5004,8/12/2020,6/6/2020,Calendula
0168-0333,377,"Peas - Pigeon, Dry",$156.59,"Irrigation of Upper GI using Irrigating Substance, Via Natural or Artificial Opening Endoscopic, Diagnostic",377,Ally,Gartin,715-539-5965,12/10/2018,4/5/2023,Fluticasone Propionate
59779-960,378,"Tart Shells - Sweet, 4",$183.63,"Drainage of Right Lower Leg Tendon, Open Approach",378,Willard,Kirkness,227-169-4363,2/16/2019,9/4/2019,anti diarrheal
0363-2173,379,"Artichoke - Hearts, Canned",$37.99,"Imaging, Axial Skeleton, Except Skull and Facial Bones, Plain Radiography",379,Starlene,Wheeler,615-614-6120,2/22/2021,6/19/2022,Solution
36800-817,380,Muffin Batt - Blueberry Passion,$253.25,"Excision of Sacral Plexus, Percutaneous Endoscopic Approach",380,Isa,Hazeley,540-366-1036,1/14/2022,12/1/2018,Topcare Nasal Spray
11086-032,381,Coconut Milk - Unsweetened,$338.96,"Drainage of Left Internal Iliac Artery, Open Approach",381,Galvin,Alwell,910-782-4910,9/12/2018,3/11/2021,VANOXIDE
36987-2160,382,Sobe - Liz Blizz,$24.84,"Bypass Left Internal Carotid Artery to Left Extracranial Artery, Open Approach",382,Nerita,McCluin,943-147-0417,10/20/2019,8/22/2019,Oat Smut
59078-016,383,Fennel,$257.49,"Replacement of Left Mandible with Nonautologous Tissue Substitute, Percutaneous Endoscopic Approach",383,Creight,Filan,209-521-7316,9/25/2022,4/4/2023,Intense Care Snail Hydro Gel Mask
11716-0224,384,Chocolate - White,$480.24,"Restriction of Gastric Artery with Intraluminal Device, Percutaneous Endoscopic Approach",384,Augie,Britney,877-708-5259,10/22/2021,8/6/2018,PREMIER VALUE EYE DROPS MT
55154-5489,385,"Juice - Pineapple, 341 Ml",$169.62,"Destruction of Abdomen Subcutaneous Tissue and Fascia, Open Approach",385,Ardelis,Mebs,608-833-7918,11/10/2021,12/13/2018,Bumetanide
0781-3152,386,Wooden Mop Handle,$357.75,"Replacement of Right Parietal Bone with Synthetic Substitute, Percutaneous Endoscopic Approach",386,Rob,Barstow,493-360-7595,4/9/2021,1/20/2022,cisatracurium besylate
41520-193,387,"Chicken - White Meat, No Tender",$448.87,"Dilation of Left Temporal Artery, Bifurcation, with Two Drug-eluting Intraluminal Devices, Percutaneous Endoscopic Approach",387,Lynn,Alleburton,232-987-9691,9/25/2020,9/21/2022,CARE ONE
50600-004,388,"Wine - White, Colubia Cresh",$421.13,"Introduction of Electrolytic and Water Balance Substance into Genitourinary Tract, Via Natural or Artificial Opening",388,Aldridge,Minney,923-233-9270,9/12/2022,3/29/2019,Correway Sunscreen (Non-waterproof)
49348-738,389,Cheese - Swiss,$11.15,"Replacement of Lower Vein with Nonautologous Tissue Substitute, Open Approach",389,Dagny,Alderton,491-846-9518,2/2/2022,6/24/2019,Day Time PE
62856-250,390,Cherries - Frozen,$494.54,"Drainage of Lesser Omentum with Drainage Device, Open Approach",390,Antonetta,Broxton,307-149-5758,3/7/2020,10/22/2021,Fragmin
49288-0241,391,Foam Dinner Plate,$109.56,"Lymphatic and Hemic Systems, Release",391,Helga,Foster-Smith,201-982-2583,5/19/2021,4/12/2019,Mixture of Standardized and Non-Standardized Inland Grasses
59779-267,392,Wine - Taylors Reserve,$411.33,"Insertion of Infusion Device into Portal Vein, Percutaneous Approach",392,Ignatius,Scholtz,239-221-0642,7/30/2022,9/11/2022,CVS PHARMACY
64764-844,393,Crab - Meat Combo,$445.17,Aural Rehabilitation Treatment using Assistive Listening Equipment,393,Rafaela,Darrow,918-562-3223,1/1/2019,12/16/2018,edarbi
64117-209,394,Yoplait Drink,$445.72,"Replacement of Left Lower Leg Tendon with Nonautologous Tissue Substitute, Percutaneous Endoscopic Approach",394,Jeramie,Rowswell,988-906-8215,7/29/2020,8/24/2022,MUSCLE CRAMPS
0268-1073,395,Bread - Olive Dinner Roll,$478.62,"Extraction of Left Frontal Sinus, Percutaneous Approach",395,Boyce,Waggatt,254-200-7926,2/14/2019,1/30/2019,BETULA LENTA POLLEN
30142-903,396,Bread - Corn Muffaleta Onion,$254.72,"Inspection of Lumbar Vertebral Joint, External Approach",396,Anet,De Angelo,886-172-8698,11/20/2018,12/18/2022,Multi Symptom Cold
59779-440,397,Thyme - Fresh,$251.45,"Repair Right Hand Vein, Open Approach",397,Dael,Oag,266-893-3885,3/10/2022,12/3/2018,CVS OIL FREE SPF 15
53808-0984,398,"Juice - Apple, 500 Ml",$43.80,"Dilation of Sigmoid Colon, Percutaneous Approach",398,Calli,Cavey,842-686-9784,4/21/2021,4/25/2021,Dicyclomine Hydrochloride
64942-1133,399,Muffin - Bran Ind Wrpd,$150.14,"Division of Sacral Plexus, Percutaneous Approach",399,Vivianne,Guillart,276-387-3680,10/1/2018,9/26/2019,Degree
36800-666,400,Cheese - Parmigiano Reggiano,$68.59,"Excision of Glossopharyngeal Nerve, Percutaneous Approach",400,Rodina,Joinson,221-533-4649,1/21/2020,3/15/2020,Topcare Cough and Sore Throat
60637-007,401,Longos - Greek Salad,$336.44,"Introduction of Electrolytic and Water Balance Substance into Pleural Cavity, Percutaneous Approach",401,Alastair,Reckhouse,772-639-4741,12/16/2022,3/6/2019,Justice Mixed Berry ANTI BAC HAND SANITIZER
60575-515,402,Sultanas,$474.44,"Excision of Left Knee Joint, Percutaneous Approach",402,Germain,Markos,323-278-8978,7/14/2019,12/30/2022,CODAR
0268-0638,403,Easy Off Oven Cleaner,$152.47,"Occlusion of Left Fallopian Tube with Intraluminal Device, Percutaneous Endoscopic Approach",403,Ash,Olerenshaw,803-784-0906,4/16/2021,10/2/2020,MUS MUSCULUS SKIN
68788-9041,404,Salmon - Canned,$283.19,"Excision of Right Tarsal, Percutaneous Approach, Diagnostic",404,Stanislas,Wakeford,505-889-6167,7/28/2022,7/11/2019,Atenolol and Chlorthalidone
68599-0205,405,Soup - Verve - Chipotle Chicken,$295.54,"Replacement of Right Thumb Phalanx with Synthetic Substitute, Percutaneous Approach",405,Christal,Axford,878-470-5898,1/20/2023,5/18/2021,THERA Calazinc Body Shield
43857-0274,406,Apples - Spartan,$397.89,"Removal of Internal Fixation Device from Nasal Bone, Percutaneous Endoscopic Approach",406,Janine,Seaking,331-776-3377,9/16/2019,5/24/2019,Free Radical
51346-130,407,Cheese - Le Cheve Noir,$208.89,Nonimaging Nuclear Medicine Uptake of Thyroid Gland using Other Radionuclide,407,Barby,Cleyburn,475-184-0024,2/17/2023,5/1/2020,SUPER AQUA MAX WHITE C LUMINOUS AMPOULE
59779-897,408,Wine - Rosso Toscano Igt,$127.55,"Excision of Right Thyroid Artery, Percutaneous Approach",408,Nichols,Neylan,801-325-0020,4/12/2022,7/15/2021,ibuprofen
55154-6647,409,Pails With Lids,$446.32,"Occlusion of Right Parotid Duct, Percutaneous Endoscopic Approach",409,Helyn,Farens,610-285-2914,1/25/2023,2/7/2022,Oxybutynin Chloride
24488-043,410,Berry Brulee,$322.39,"Occlusion of Right Parotid Duct with Intraluminal Device, Open Approach",410,Tedra,Faraker,967-701-0706,2/27/2022,11/11/2018,Boy Butter
10056-047,411,Tea - Jasmin Green,$188.50,"Reposition Left Ankle Joint with Internal Fixation Device, External Approach",411,Moria,Huttley,683-545-5484,9/6/2018,1/21/2019,formu care ranitidine
24236-608,412,Ecolab Digiclean Mild Fm,$285.29,"Drainage of Aortic Lymphatic, Percutaneous Approach",412,Jewel,Jaume,395-170-4239,11/26/2022,1/3/2023,ENALAPRIL MALEATE
49288-0319,413,"Pasta - Elbows, Macaroni, Dry",$111.30,"Removal of Nonautologous Tissue Substitute from Upper Extremity Subcutaneous Tissue and Fascia, Open Approach",413,Jade,Hanselmann,259-822-4427,7/19/2020,1/11/2022,Mucor racemosus
10267-1211,414,Dill Weed - Fresh,$342.68,"Release Thoracic Aorta, Ascending/Arch, Percutaneous Approach",414,Bevan,Gallamore,407-500-3537,11/4/2020,10/1/2020,PSYLDEX
53045-103,415,"Syrup - Monin, Swiss Choclate",$155.24,"Insertion of Ring External Fixation Device into Left Fibula, Percutaneous Approach",415,Ado,Bice,176-973-4716,12/9/2022,12/2/2020,Opahl
54753-003,416,Muffin Orange Individual,$301.70,"Introduction of Liquid Brachytherapy Radioisotope into Spinal Canal, Percutaneous Approach",416,Manda,Bearward,409-815-7030,12/31/2020,4/11/2020,Athomer baby
59779-510,417,Wine - Chablis J Moreau Et Fils,$177.26,"Repair Celiac Artery, Percutaneous Endoscopic Approach",417,Noel,Gasken,948-101-0444,11/25/2019,2/14/2021,CVS Pharmacy
36987-1204,418,Flour - Masa De Harina Mexican,$449.38,"Supplement Right Lower Arm and Wrist Tendon with Synthetic Substitute, Percutaneous Endoscopic Approach",418,Benedicto,Cooper,550-873-6740,6/7/2022,3/31/2021,Codfish
60512-6161,419,"Beans - Black Bean, Preserved",$190.24,"Excision of Right External Jugular Vein, Percutaneous Approach, Diagnostic",419,Julieta,Grunbaum,617-400-7060,4/18/2022,12/1/2022,ALLOXANUM
0067-6266,420,Asparagus - Frozen,$284.36,"Restriction of Left Pulmonary Artery with Extraluminal Device, Open Approach",420,Sheelah,Dietmar,323-557-6199,2/13/2020,2/15/2020,LAMISL AF
55154-0462,421,Soup - Campbells Broccoli,$414.31,Ultrasonography of Left Eye,421,Tamra,Oluwatoyin,106-668-8059,4/15/2022,7/2/2020,Ceftriaxone
0121-4727,422,"Bread - Pumpernickle, Rounds",$186.30,"Drainage of Right Colic Artery, Open Approach, Diagnostic",422,Opaline,Brigden,364-866-8565,11/20/2022,9/21/2019,Ranitidine
0187-1613,423,"Beans - Long, Chinese",$263.76,"Removal of Synthetic Substitute from Left Extraocular Muscle, Percutaneous Approach",423,Blanch,Braferton,938-408-0648,3/25/2020,8/4/2018,AcneFree
11822-5260,424,"Juice - Orange, 341 Ml",$42.77,"Restriction of Right Common Iliac Artery with Intraluminal Device, Open Approach",424,Roseanne,Pavolini,388-447-3797,4/28/2021,11/20/2021,severe cold and sinus relief PE
54575-153,425,Soup - Verve - Chipotle Chicken,$59.57,High Dose Rate (HDR) Brachytherapy of Abdomen Lymphatics using Cesium 137 (Cs-137),425,Farly,Clawley,915-312-3269,11/25/2022,4/9/2023,"3-RAGWEED MIX, GIANT/SHORT/WESTERN POLLEN"
50742-106,426,Shopper Bag - S - 4,$339.33,"Insertion of Tissue Expander into Left Breast, Percutaneous Approach",426,Clevey,Devenport,385-783-1909,2/17/2019,12/30/2021,Furosemide
47593-284,427,Bagel - Plain,$146.10,"Removal of Monitoring Device from Upper Artery, Percutaneous Approach",427,Jacquelin,Eiler,819-391-7747,4/12/2019,5/14/2021,Clean Force
67544-879,428,Sponge Cake Mix - Vanilla,$278.47,"Introduction of Blood Brain Barrier Disruption Substance into Central Vein, Open Approach",428,Darin,Cutcliffe,449-762-1332,2/3/2020,6/2/2020,Lorazepam
0781-5916,429,Mints - Striped Red,$229.53,"Supplement Right Palatine Bone with Synthetic Substitute, Open Approach",429,Bridie,Dymoke,921-829-8747,6/20/2021,7/9/2020,Chlorpromazine Hydrochloride
36987-1687,430,Bread Fig And Almond,$201.43,"Drainage of Right Lung, Percutaneous Endoscopic Approach, Diagnostic",430,Dore,Adrian,741-536-9185,5/17/2019,4/30/2021,Dill
36987-2946,431,"Mushrooms - Black, Dried",$365.96,"Destruction of Left Pleura, Open Approach",431,Adair,Siegertsz,227-239-9186,8/14/2018,8/18/2018,Loblolly Pine
43478-271,432,Peppercorns - Green,$97.36,"Occlusion of Left Subclavian Artery with Intraluminal Device, Percutaneous Approach",432,Georgeta,Ives,113-932-5406,10/14/2021,2/6/2020,Hydrocortisone Butyrate
49348-125,433,Tuna - Bluefin,$78.19,Fluoroscopy of Cerebral and Cerebellar Veins using Low Osmolar Contrast,433,Pepe,Hannum,501-309-6788,8/15/2022,4/18/2019,STOOL SOFTENER
63739-475,434,Trout Rainbow Whole,$33.81,"Drainage of Left Upper Lung Lobe, Open Approach, Diagnostic",434,Salomone,Stening,606-192-7027,7/19/2019,8/8/2021,Lidocaine Hydrochloride and Epinephrine
24236-248,435,Buffalo - Tenderloin,$56.66,"Extirpation of Matter from Left Nipple, Open Approach",435,Dinah,Heatlie,878-716-8452,5/18/2022,4/7/2022,Prednisone
64159-7695,436,Wine - Muscadet Sur Lie,$85.72,"Revision of Monitoring Device in Diaphragm, Via Natural or Artificial Opening",436,Alley,Cleverly,791-482-2382,9/13/2020,5/7/2019,SENSAI FLUID FINISH LASTING VELVET FV102
0591-0345,437,Wine - Remy Pannier Rose,$395.04,"Transfer Left Ankle Bursa and Ligament, Percutaneous Endoscopic Approach",437,Ealasaid,Piggin,442-206-7414,1/5/2020,8/3/2020,Verapamil Hydrochloride
49643-018,438,Bols Melon Liqueur,$495.31,"Revision of Autologous Tissue Substitute in Diaphragm, Via Natural or Artificial Opening Endoscopic",438,Bonnee,Francais,115-614-7560,11/3/2018,6/29/2020,Karaya Gum
76214-044,439,Sauce - Rosee,$322.26,"Transfer Abdomen Subcutaneous Tissue and Fascia with Skin, Subcutaneous Tissue and Fascia, Percutaneous Approach",439,Abrahan,Lighton,589-726-0403,5/1/2021,9/6/2019,GOOD AFTERNOON BERRY BERRY TEA BB
25000-105,440,Mace Ground,$409.42,"Bypass Right Femoral Vein to Lower Vein with Autologous Arterial Tissue, Open Approach",440,Darleen,Maidstone,597-762-9940,10/25/2019,8/3/2018,GABAPENTIN
54868-5417,441,Bag Clear 10 Lb,$11.86,"Removal of Infusion Device from Spinal Canal, Percutaneous Endoscopic Approach",441,Robinetta,Rawnsley,472-513-8025,12/18/2019,2/22/2023,Fexofenadine Hydrochloride
37808-829,442,"Artichoke - Hearts, Canned",$425.15,"Drainage of Prostate, Percutaneous Endoscopic Approach",442,Danya,MacColgan,286-214-1267,12/1/2022,12/16/2019,rx act pain relief pm
55289-086,443,Cream - 35%,$344.82,"Removal of Nonautologous Tissue Substitute from Upper Back, External Approach",443,Trace,Lage,189-695-0936,1/4/2020,3/16/2021,Lotensin
0363-0556,444,Lid Coffeecup 12oz D9542b,$455.34,"Resection of Right Ankle Joint, Open Approach",444,Lidia,Graver,348-516-9939,9/6/2020,4/19/2023,Extra Strength Pain Reliever PM
59779-023,445,"Soup - Campbells, Butternut",$491.36,"Removal of Drainage Device from Upper Bone, Percutaneous Endoscopic Approach",445,Emanuele,Visick,859-300-5404,9/27/2018,8/24/2021,CVS Pharmacy Oil Free Faces SPF 30
10812-340,446,Cranberries - Frozen,$165.21,"Replacement of Celiac Artery with Nonautologous Tissue Substitute, Open Approach",446,Sallyanne,Whal,391-655-3246,7/21/2022,4/18/2023,Neutrogena MoistureShine SPF20
76151-221,447,Dried Figs,$352.93,"Replacement of Left Foot Vein with Nonautologous Tissue Substitute, Open Approach",447,Nanete,Plail,716-142-2908,1/7/2021,11/26/2022,Boscia BB BRONZE Broad Spectrum SPF 27 PA Self-Adjusting Shade
58611-032,448,Pepper - Red Bell,$145.65,"Destruction of Bilateral Ovaries, Percutaneous Endoscopic Approach",448,Hill,Spilisy,349-290-9789,12/15/2020,12/3/2022,Phoenix KinetiCream Anti-inflammatory and Pain Relief
49288-0213,449,"Pork - Loin, Bone - In",$107.38,"Ultrasonography of Right Shoulder, Densitometry",449,Olympe,Smeath,433-799-1259,3/2/2021,4/13/2022,Grain Smut Mixture
59762-5010,450,Wine - Champagne Brut Veuve,$127.01,"Extirpation of Matter from Small Intestine, Percutaneous Endoscopic Approach",450,Tisha,Durston,844-342-7670,3/1/2020,9/8/2022,clindamycin hydrochloride
49288-0940,451,Wine - Savigny - Les - Beaune,$483.85,"Release Sacral Plexus, Open Approach",451,Erhart,Chark,854-949-9638,8/21/2018,5/6/2019,Treatment Set TS350619
57373-103,452,"Soup - Campbells, Minestrone",$185.96,"Removal of Autologous Tissue Substitute from Head, Percutaneous Endoscopic Approach",452,Esteban,Findlater,304-849-8379,12/31/2018,7/18/2019,Natural herb
51523-118,453,Soupcontfoam16oz 116con,$499.84,"Drainage of Right Trunk Bursa and Ligament with Drainage Device, Percutaneous Approach",453,Opalina,Pay,128-725-0652,12/28/2019,5/17/2021,FACE IT RADIANCE FOUNDATION SPF20 NB21
0067-8105,454,Cup - Paper 10oz 92959,$270.31,"Insertion of Tissue Expander into Right Nipple, Percutaneous Approach",454,Edgard,Rivalland,646-563-8668,1/24/2020,3/3/2023,Triaminic
0178-0893,455,Flour Pastry Super Fine,$344.25,"Drainage of Stomach with Drainage Device, Percutaneous Endoscopic Approach",455,Konstance,Ashenhurst,933-228-5229,9/19/2018,2/19/2020,CitraNatal Assure
68828-175,456,Beef - Tenderloin - Aa,$458.45,"Drainage of Left Lower Extremity, Open Approach, Diagnostic",456,Kane,Kira,372-675-0263,10/4/2019,3/8/2022,BeCause Antibacterial Hand
52125-385,457,"Pail - 15l White, With Handle",$309.93,"Bypass Right Subclavian Artery to Lower Arm Vein with Synthetic Substitute, Open Approach",457,Denny,Logue,852-985-5761,11/6/2020,12/20/2019,Warfarin Sodium
68084-550,458,Vinegar - Rice,$369.82,"Revision of Synthetic Substitute in Spinal Cord, Percutaneous Endoscopic Approach",458,Cordula,Pomroy,254-217-3033,2/14/2021,6/1/2019,Rivastigmine Tartrate
37205-350,459,Sausage - Blood Pudding,$461.71,"Dilation of Upper Esophagus with Intraluminal Device, Percutaneous Endoscopic Approach",459,Francine,Creffeild,985-747-4442,8/18/2019,3/31/2020,leader ibuprofen
55312-946,460,Duck - Whole,$247.32,"Revision of Autologous Tissue Substitute in Lower Bursa and Ligament, Percutaneous Approach",460,Annemarie,Sollime,231-798-1507,3/2/2019,9/20/2021,acetaminophen
60429-108,461,"Cheese - Cheddar, Old White",$76.44,High Dose Rate (HDR) Brachytherapy of Liver using Palladium 103 (Pd-103),461,Martita,Shenfish,250-931-7072,6/6/2020,4/7/2019,Isosorbide Sublingual
68788-9832,462,Chickensplit Half,$53.79,"Bypass Gastric Vein to Lower Vein with Nonautologous Tissue Substitute, Open Approach",462,Henrieta,Wolfit,649-675-4194,12/3/2020,10/31/2022,Allopurinol
66902-700,463,Bagel - Plain,$149.83,"Restriction of Pelvis Lymphatic with Extraluminal Device, Percutaneous Approach",463,Alyssa,Helliwell,441-844-8670,10/3/2020,8/12/2021,ZIMS ARNICA MAX
54569-3259,464,Apple - Royal Gala,$492.13,"Revision of Internal Fixation Device in Right Radius, Percutaneous Endoscopic Approach",464,Emmaline,Katt,866-910-4646,7/25/2019,4/15/2021,Neomycin and Polymyxin B Sulfates and Hydrocortisone
21695-244,465,Sambuca - Ramazzotti,$139.13,"Perfusion of Respiratory System Donor Organ, Single",465,Viole,Soeiro,766-984-9173,6/12/2019,12/10/2020,Childrens Silapap
47124-720,466,"Bread - Rolls, Corn",$179.26,"Bypass Upper Esophagus to Duodenum with Autologous Tissue Substitute, Open Approach",466,Rosamund,Retter,504-721-7584,10/6/2020,8/14/2020,ANTIBACTERIAL
52125-780,467,Cookies - Fortune,$480.63,"Revision of Drainage Device in Upper Artery, External Approach",467,Corny,Kiehnlt,862-551-6420,3/25/2023,8/26/2019,ibuprofen
64661-090,468,"7up Diet, 355 Ml",$199.50,"Occlusion of Sigmoid Colon with Extraluminal Device, Open Approach",468,Thom,Haug,594-421-3590,8/13/2022,6/4/2019,DryMax
65044-2482,469,Cup Translucent 9 Oz,$10.84,"Resection of Nasal Turbinate, Percutaneous Endoscopic Approach",469,Karlen,Varnes,554-871-4390,8/7/2022,11/30/2020,"Pollens - Weeds and Garden Plants, Scale, Wing (Shad) Atriplex canescens"
55289-911,470,Pork Ham Prager,$391.06,"Excision of Right Common Carotid Artery, Percutaneous Endoscopic Approach, Diagnostic",470,Constantina,Emanuele,394-426-7614,6/4/2021,11/17/2021,Plavix
59667-0017,471,Raisin - Dark,$41.20,"Restriction of Left Renal Artery with Intraluminal Device, Percutaneous Endoscopic Approach",471,Rubia,Maffezzoli,723-362-4187,8/22/2021,10/3/2020,Blunt Trauma
33261-349,472,Seaweed Green Sheets,$266.28,Plain Radiography of Left Submandibular Gland using High Osmolar Contrast,472,Arlie,Dalgetty,380-294-3035,11/21/2019,1/28/2021,Atenolol
41250-380,473,Tea - Herbal I Love Lemon,$450.33,"Repair Right Metacarpophalangeal Joint, Percutaneous Endoscopic Approach",473,Faydra,Tillett,302-902-2880,9/1/2020,12/28/2019,Citroma
52959-119,474,Artichokes - Jerusalem,$162.71,"Occlusion of Right External Iliac Vein with Intraluminal Device, Percutaneous Approach",474,Cynthea,Grayson,914-664-0163,5/17/2019,12/22/2022,Oxycodone and Acetaminophen
52125-537,475,Sugar - Cubes,$298.20,"Supplement Right External Iliac Artery with Synthetic Substitute, Percutaneous Endoscopic Approach",475,Rasla,Rooney,410-593-4713,7/26/2022,4/16/2022,Ciprofloxacin
54473-150,476,Pastry - Choclate Baked,$34.41,Low Dose Rate (LDR) Brachytherapy of Bladder using Cesium 137 (Cs-137),476,Case,De Biasio,702-727-8910,11/5/2022,10/13/2018,Pain-A-Trate
65517-0006,477,Whmis - Spray Bottle Trigger,$436.07,"Excision of Paraganglion Extremity, Open Approach",477,Catina,Kas,648-316-2557,9/14/2022,2/24/2021,Dukal Sterile Alcohol Prep Pad
49643-370,478,Beer - Camerons Auburn,$458.34,"Fusion of Left Wrist Joint with Internal Fixation Device, Percutaneous Endoscopic Approach",478,Danie,Jancso,734-579-0015,12/29/2020,1/15/2020,Utah Juniper Pollen
64679-921,479,Coffee Decaf Colombian,$101.78,"Fluoroscopy of Inferior Vena Cava using High Osmolar Contrast, Guidance",479,Ryan,Kiledal,318-464-8414,8/4/2021,6/11/2021,Cefuroxime Axetil
59427-706,480,"Pasta - Linguini, Dry",$79.67,"Dilation of Upper Vein with Intraluminal Device, Percutaneous Endoscopic Approach",480,Osbert,Hellings,394-876-3542,6/13/2020,10/14/2019,A PERFECT WORLD
49999-755,481,Lime Cordial - Roses,$199.06,"Supplement of Right Lower Arm Subcutaneous Tissue and Fascia with Autologous Tissue Substitute, Percutaneous Approach",481,Sari,Fadian,145-584-1928,10/11/2020,1/23/2023,Protonix
54868-6340,482,Vodka - Smirnoff,$308.45,"Revision of Infusion Device in Left Hip Joint, Percutaneous Endoscopic Approach",482,Isabeau,Danne,843-620-4726,1/18/2020,1/22/2021,Quetiapine fumarate
61578-301,483,Plate Pie Foil,$180.08,"Excision of Right Foot Vein, Open Approach, Diagnostic",483,Rodi,Lafflina,125-404-9753,8/14/2018,10/27/2022,CTx3 Rinse
65903-295,484,Water - Spring Water 500ml,$417.13,"Destruction of Right Upper Leg Tendon, Open Approach",484,Fanchon,Felgat,532-696-6432,11/23/2021,11/29/2020,Sea Pure Hydrating
0093-5200,485,"Turkey - Breast, Boneless Sk On",$420.65,Binaural Hearing Aid Assessment using Computer,485,Riane,Haggata,836-931-8993,8/7/2021,3/12/2020,Buspirone Hydrochloride
49404-110,486,"Squash - Pattypan, Yellow",$88.98,"Introduction of Liquid Brachytherapy Radioisotope into Biliary and Pancreatic Tract, Percutaneous Approach",486,Berny,Vurley,903-189-0799,1/16/2019,5/11/2022,Dr. Jart Nourishing Beauty Balm
68345-850,487,Bread - Pita,$309.68,"Supplement Right Axillary Vein with Autologous Tissue Substitute, Open Approach",487,Nelli,Widmoor,241-366-7550,3/29/2023,10/6/2022,EVOKE Antiperspirant and Deodorant Roll-on
60505-7008,488,Cheese - Montery Jack,$270.87,"Excision of Stomach, Open Approach",488,Lonni,Papa,129-195-6731,6/19/2020,8/30/2021,FENTANYL
52641-700,489,"Beef - Tongue, Fresh",$44.67,"Reattachment of Head and Neck Tendon, Percutaneous Endoscopic Approach",489,Martina,Luther,238-701-1956,2/9/2021,10/23/2020,Antiseptic
52125-255,490,"Mushroom - Shitake, Fresh",$324.75,"Division of Left Thorax Muscle, Percutaneous Approach",490,Barthel,Brewins,617-697-8929,3/28/2023,9/28/2022,Prednisone
65044-2203,491,Puff Pastry - Sheets,$374.18,"Destruction of Left Vitreous, Percutaneous Approach",491,Micheil,Ingerith,441-774-6211,3/12/2019,12/30/2022,"Pollens - Trees, Pine Mix"
10356-835,492,Magnotta - Bel Paese White,$250.14,"Removal of Synthetic Substitute from Skull, Percutaneous Approach",492,Myca,Blenkin,726-299-5924,12/19/2022,2/20/2019,Nivea A Kiss of Cherry Fruity Lip Care
52125-951,493,"Wine - Red, Cabernet Merlot",$137.83,"Replacement of Left Lens with Nonautologous Tissue Substitute, Percutaneous Approach",493,Cazzie,Pickerin,108-398-0579,10/18/2020,1/28/2021,Isoniazid
37205-682,494,Table Cloth 54x54 Colour,$164.07,"Replacement of Chordae Tendineae with Zooplastic Tissue, Open Approach",494,Scotti,Ellicott,767-108-8756,4/17/2019,1/23/2021,Leader Acid Control
65841-705,495,Chocolate - Milk Coating,$450.79,"Replacement of Right Knee Joint with Synthetic Substitute, Open Approach",495,Melisent,Twopenny,747-876-1533,4/25/2020,10/22/2018,Gabapentin
10096-9360,496,"Quail - Whole, Bone - In",$463.79,"Drainage of Right Toe Phalanx, Percutaneous Approach",496,Carla,Annell,587-225-4757,12/19/2018,8/10/2018,Odyssey
45802-466,497,Crab Brie In Phyllo,$239.94,"Insertion of Intraluminal Device into Right Hypogastric Vein, Open Approach",497,Orelee,Quade,608-501-6429,7/3/2022,2/21/2021,Econazole Nitrate
66184-475,498,Steamers White,$379.94,"Drainage of Male Perineum with Drainage Device, Open Approach",498,Ann,Pedro,991-440-7314,8/31/2020,9/10/2018,ck one waterfresh face makeup spf 15
68151-2472,499,Sambuca Cream,$485.01,"Dilation of Left Pulmonary Artery with Intraluminal Device, Open Approach",499,Enrichetta,Hannaway,658-362-5135,4/11/2020,9/18/2020,Isosorbide Dinitrate
49288-0224,500,Beans - Butter Lrg Lima,$371.52,"Extraction of Perineum Bursa and Ligament, Percutaneous Approach",500,Ardra,Munkley,626-910-0744,1/22/2023,11/26/2018,Goat Hair
